Ma_sinh_vien,Ho,Ten,Gioi_tinh,Ngay_sinh,Mail,Di_dong,CMND,Hoc_bong,Ma_khoa
C0001,Khương Thảo,Loan,FALSE,1999-01-04 0:00:00,ktloan@gmail.com,987314518,586900775484,2000000,CN
C0002,Đặng Bạch,Ngọc,TRUE,1999-11-11 0:00:00,dbngoc@gmail.com,987587327,274387352269,0,CN
C0003,Phạm Văn Minh,Thiện,TRUE,1999-11-23 0:00:00,pvmthien@gmail.com,987858734,835772714136,0,CN
C0004,Đinh Thị Thanh,Dung,FALSE,1999-01-19 0:00:00,dttdung@gmail.com,987508413,373064334392,1000000,CN
C0005,Trần Mạnh,Thiện,TRUE,1999-08-19 0:00:00,tmthien@gmail.com,987579776,233384596844,1000000,CN
C0006,Trần Văn Minh,Hiệu,TRUE,1999-12-12 0:00:00,tvmhieu@gmail.com,168595875,65746412487,1000000,CN
C0007,Lê Thị,Mai,FALSE,1999-09-13 0:00:00,ltmai@gmail.com,168116548,123537817134,2000000,CN
C0008,Bạch Vĩnh,Tuấn,TRUE,1999-06-08 0:00:00,bvtuan@gmail.com,987682839,643872714468,1000000,CN
C0009,Thái Thị Thanh,Nhung,FALSE,1999-07-18 0:00:00,tttnhung@gmail.com,913555665,943138244683,0,CN
C0010,Khương Văn Minh,Trọng,TRUE,1999-10-01 0:00:00,kvmtrong@gmail.com,913557276,548347163939,2000000,CN
C0011,Hoàng Thảo,Thúy,FALSE,1999-12-07 0:00:00,htthuy@gmail.com,987337162,948793354375,1000000,CN
C0012,Mã Vĩnh,Thiệu,TRUE,1999-10-09 0:00:00,mvthieu@gmail.com,168135829,522178884206,3000000,CN
C0013,Nguyễn Minh,Thu,FALSE,1999-07-18 0:00:00,nmthu@gmail.com,168591321,455733571868,1000000,CN
C0014,Khương Thị,Ly,FALSE,1999-02-11 0:00:00,ktly@gmail.com,987712052,454614611224,0,CN
C0015,Vương Thị Thanh,Loan,FALSE,1999-03-12 0:00:00,vttloan@gmail.com,913722185,360627878957,1000000,CN
C0016,Nguyễn Thảo,Trang,FALSE,1999-09-11 0:00:00,nttrang@gmail.com,987514786,219366710413,1000000,CN
C0017,Lê Thị Thảo,Đào,FALSE,1999-12-27 0:00:00,lttdao@gmail.com,987489713,434775158867,2000000,CN
C0018,Mã Thảo,Lan,FALSE,1999-02-07 0:00:00,mtlan@gmail.com,168975412,529235332621,1000000,CN
C0019,Thái Ngọc,Mỹ,TRUE,1999-02-24 0:00:00,tnmy@gmail.com,913595747,547026826518,1000000,CN
C0020,Phạm Bạch,Minh,TRUE,1999-10-03 0:00:00,pbminh@gmail.com,168151138,367172436369,1000000,CN
C0021,Vương Vĩnh,Hòa,TRUE,1999-01-03 0:00:00,vvhoa@gmail.com,987334366,661854084622,3000000,CN
C0022,Lý Phú,Ngọc,TRUE,1999-05-14 0:00:00,lpngoc@gmail.com,987465869,528385466287,2000000,CN
C0023,Nguyễn Thị Thanh,Lan,FALSE,1999-09-08 0:00:00,nttlan@gmail.com,913617889,825227227464,2000000,CN
C0024,Thái Nam,Sinh,TRUE,1999-11-17 0:00:00,tnsinh@gmail.com,913102284,371352323158,1000000,CN
C0025,Phạm Phương,Phương,FALSE,1999-06-15 0:00:00,ppphuong@gmail.com,168374535,774375787574,3000000,CN
C0026,Lâm Vĩnh,Hiệu,TRUE,1999-07-26 0:00:00,lvhieu@gmail.com,987880747,304474621035,0,CN
C0027,Đinh Thanh,Mỹ,TRUE,1999-11-26 0:00:00,dtmy@gmail.com,913774531,461863655265,0,CN
C0028,Lâm Nam,Sinh,TRUE,1999-07-24 0:00:00,lnsinh@gmail.com,168613393,747111658838,0,CN
C0029,Khương Ngọc,Minh,TRUE,1999-10-28 0:00:00,knminh@gmail.com,168792295,545397337618,1000000,CN
C0030,Phạm Vĩnh,Phong,TRUE,1999-09-05 0:00:00,pvphong@gmail.com,913803291,153237946751,2000000,CN
C0031,Lý Thảo,Thúy,FALSE,1999-07-05 0:00:00,ltthuy@gmail.com,987566402,13098347676,3000000,CN
C0032,Mã Thị,Ly,FALSE,1999-05-30 0:00:00,mtly@gmail.com,168675486,822643610887,0,CN
C0033,Mã Văn Minh,Trọng,TRUE,1999-09-03 0:00:00,mvmtrong@gmail.com,987078641,532328788440,3000000,CN
C0034,Thái Minh,Phương,TRUE,1999-07-09 0:00:00,tmphuong@gmail.com,987687468,925518195176,3000000,CN
C0035,Văn Phú,Tâm,TRUE,1999-02-07 0:00:00,vptam@gmail.com,913852739,445786618758,0,CN
C0036,Lý Minh,Minh,FALSE,1999-09-13 0:00:00,lmminh@gmail.com,987364828,112484556945,2000000,CN
C0037,Cao Văn Minh,Phong,TRUE,1999-08-12 0:00:00,cvmphong@gmail.com,913652620,526508349404,1000000,CN
C0038,Mã Bạch,Mỹ,TRUE,1999-07-18 0:00:00,mbmy@gmail.com,913563968,553672304485,0,CN
C0039,Cao Mạnh,Thiện,TRUE,1999-03-20 0:00:00,cmthien@gmail.com,987842511,793370470912,0,CN
C0040,Thái Thảo,Hoa,FALSE,1999-02-03 0:00:00,tthoa@gmail.com,913128448,470038563157,0,CN
C0041,Bạch Văn,Hiệu,TRUE,1999-10-06 0:00:00,bvhieu@gmail.com,987465746,212395601335,2000000,CN
C0042,Đàm Vĩnh,Dũng,TRUE,1999-08-04 0:00:00,dvdung@gmail.com,913702776,237164154244,3000000,CN
C0043,Bạch Thị Thanh,Nhung,FALSE,1999-10-30 0:00:00,bttnhung@gmail.com,168114496,40440424749,3000000,CN
C0044,Bạch Thị,Thúy,FALSE,1999-11-09 0:00:00,btthuy@gmail.com,987681542,483340458851,0,CN
C0045,Thái Nam,Tân,TRUE,1999-01-03 0:00:00,tntan@gmail.com,168841324,676458978939,3000000,CN
C0046,Bạch Nam,Huy,TRUE,1999-05-14 0:00:00,bnhuy@gmail.com,913533371,252192066524,0,CN
C0047,Lê Văn Minh,Thiệu,TRUE,1999-05-12 0:00:00,lvmthieu@gmail.com,913101488,597631265016,2000000,CN
C0048,Đàm Thảo,Hoa,FALSE,1999-09-12 0:00:00,dthoa@gmail.com,913416223,941151719519,1000000,CN
C0049,Lý Văn,Dũng,TRUE,1999-09-12 0:00:00,lvdung@gmail.com,913541297,618232837549,3000000,CN
C0050,Trần Minh,Ngân,TRUE,1999-11-13 0:00:00,tmngan@gmail.com,987775844,721151517252,2000000,CN
C0051,Lâm Thị Thảo,Loan,FALSE,1999-01-09 0:00:00,lttloan@gmail.com,168418373,311628625536,0,CN
C0052,Lê Thị Thảo,Ly,FALSE,1999-02-14 0:00:00,lttly@gmail.com,168434476,874368763621,1000000,CN
C0053,Hoàng Văn,Phong,TRUE,1999-06-29 0:00:00,hvphong@gmail.com,168238108,517573018661,2000000,CN
C0054,Lý Vĩnh,Sinh,TRUE,1999-05-25 0:00:00,lvsinh@gmail.com,913134764,145528667746,0,CN
C0055,Lê Thảo,Hương,FALSE,1999-11-06 0:00:00,lthuong@gmail.com,168706154,676648731450,2000000,CN
C0056,Thái Thảo,Đào,FALSE,1999-09-19 0:00:00,ttdao@gmail.com,987815189,516795333424,0,CN
C0057,Vương Thị Thảo,Hạnh,FALSE,1999-03-18 0:00:00,vtthanh@gmail.com,168116314,617118944211,3000000,CN
C0058,Trần Văn Minh,Tuấn,TRUE,1999-05-30 0:00:00,tvmtuan@gmail.com,913176166,516553888135,1000000,CN
C0059,Thái Thảo,Trúc,FALSE,1999-07-08 0:00:00,tttruc@gmail.com,987863212,443853693305,2000000,CN
C0060,Văn Thị,Lan,FALSE,1999-05-20 0:00:00,vtlan@gmail.com,913926778,772255381968,3000000,CN
C0061,Đặng Vĩnh,Sinh,TRUE,1999-10-07 0:00:00,dvsinh@gmail.com,168640925,526139812378,2000000,CN
C0062,Hoàng Thị Thanh,Đào,FALSE,1999-10-02 0:00:00,httdao@gmail.com,913323153,516686165844,3000000,CN
C0063,Đặng Nam,Lộc,TRUE,1999-09-26 0:00:00,dnloc@gmail.com,987122436,318832473437,0,CN
C0064,Lâm Vĩnh,Thiệu,TRUE,1999-07-08 0:00:00,lvthieu@gmail.com,987456418,510234875224,2000000,CN
C0065,Lâm Thảo,Trúc,FALSE,1999-09-19 0:00:00,lttruc@gmail.com,987113162,613542186162,3000000,CN
C0066,Mã Phú,Tâm,FALSE,1999-12-28 0:00:00,mptam@gmail.com,987340442,67145136407,2000000,CN
C0067,Lâm Thảo,Hạnh,FALSE,1999-11-20 0:00:00,lthanh@gmail.com,913675266,294514656243,0,CN
C0068,Khương Vĩnh,Sinh,TRUE,1999-01-02 0:00:00,kvsinh@gmail.com,987841607,914741875843,0,CN
C0069,Cao Nam,Tuấn,TRUE,1999-10-22 0:00:00,cntuan@gmail.com,987760225,271368304726,2000000,CN
C0070,Đặng Thị,Nhung,FALSE,1999-09-29 0:00:00,dtnhung@gmail.com,987233358,458167981145,0,CN
C0071,Khương Thanh,Thanh,FALSE,1999-03-13 0:00:00,ktthanh@gmail.com,168852812,942543336435,0,CN
C0072,Thái Mạnh,Lộc,TRUE,1999-12-05 0:00:00,tmloc@gmail.com,987155833,55768329142,3000000,CN
C0073,Trần Thảo,Hạnh,FALSE,1999-03-23 0:00:00,tthanh@gmail.com,987718558,451357224741,1000000,CN
C0074,Thái Thảo,Nga,FALSE,1999-02-23 0:00:00,ttnga@gmail.com,168122579,443293205719,3000000,CN
C0075,Lê Thảo,Hoa,FALSE,1999-05-15 0:00:00,lthoa@gmail.com,913243932,662273790256,3000000,CN
C0076,Nguyễn Thanh,Phương,TRUE,1999-02-20 0:00:00,ntphuong@gmail.com,913347446,287315632735,3000000,CN
C0077,Lâm Minh,Ngọc,TRUE,1999-06-12 0:00:00,lmngoc@gmail.com,913451494,288671403446,2000000,CN
C0078,Đinh Phú,Thanh,FALSE,1999-02-04 0:00:00,dpthanh@gmail.com,987088328,613575775966,2000000,CN
C0079,Cao Thị Thanh,Trúc,FALSE,1999-03-06 0:00:00,ctttruc@gmail.com,168428594,525845671504,1000000,CN
C0080,Bạch Thanh,Thanh,FALSE,1999-01-04 0:00:00,btthanh@gmail.com,913843497,169614465950,3000000,CN
C0081,Bạch Thị,Thúy,FALSE,1999-10-26 0:00:00,btthuy@gmail.com,913278353,284278757522,3000000,CN
C0082,Đàm Phương,Ngân,TRUE,1999-02-23 0:00:00,dpngan@gmail.com,168192289,671904984705,0,CN
C0083,Văn Thị,Ly,FALSE,1999-12-28 0:00:00,vtly@gmail.com,913826240,522583923577,2000000,CN
C0084,Bạch Phương,Ngọc,TRUE,1999-02-19 0:00:00,bpngoc@gmail.com,913184553,883019433248,0,CN
C0085,Nguyễn Thảo,Trúc,FALSE,1999-01-27 0:00:00,nttruc@gmail.com,913741348,406305473473,2000000,CN
C0086,Văn Văn Minh,Thăng,TRUE,1999-10-21 0:00:00,vvmthang@gmail.com,913252673,131114664148,2000000,CN
C0087,Đinh Thảo,Trúc,FALSE,1999-05-06 0:00:00,dttruc@gmail.com,987772773,866951746664,1000000,CN
C0088,Đinh Văn Minh,Thiệu,TRUE,1999-06-04 0:00:00,dvmthieu@gmail.com,913837727,526414384848,1000000,CN
C0089,Lâm Mạnh,Phong,TRUE,1999-02-25 0:00:00,lmphong@gmail.com,168544311,331825385257,2000000,CN
C0090,Thái Văn Minh,Sinh,TRUE,1999-05-04 0:00:00,tvmsinh@gmail.com,987637112,851917606722,2000000,CN
C0091,Nguyễn Thảo,Ly,FALSE,1999-11-07 0:00:00,ntly@gmail.com,913147858,603340642051,2000000,CN
C0092,Trần Thảo,Nhung,FALSE,1999-09-25 0:00:00,ttnhung@gmail.com,913676681,875143466950,1000000,CN
C0093,Bạch Vĩnh,Lộc,TRUE,1999-04-04 0:00:00,bvloc@gmail.com,987332563,815761759293,0,CN
C0094,Lê Nam,Thiệu,TRUE,1999-02-25 0:00:00,lnthieu@gmail.com,987884525,687543421219,3000000,CN
C0095,Cao Nam,Dũng,TRUE,1999-09-15 0:00:00,cndung@gmail.com,913309378,328121584033,3000000,CN
C0096,Văn Ngọc,Ngọc,FALSE,1999-11-22 0:00:00,vnngoc@gmail.com,913166025,337766688433,3000000,CN
C0097,Phạm Thị Thanh,Lan,FALSE,1999-08-07 0:00:00,pttlan@gmail.com,987159337,518644964204,2000000,CN
C0098,Văn Thị Thanh,Nga,FALSE,1999-06-20 0:00:00,vttnga@gmail.com,168929323,670312616514,1000000,CN
C0099,Đàm Minh,Thu,TRUE,1999-08-07 0:00:00,dmthu@gmail.com,913297897,75954405147,0,CN
C0100,Cao Văn,Huy,TRUE,1999-09-19 0:00:00,cvhuy@gmail.com,987571969,236368088716,1000000,CN
C0101,Khương Thảo,Dung,FALSE,1999-04-05 0:00:00,ktdung@gmail.com,168490255,818383527641,0,CN
C0102,Mã Thảo,Ly,FALSE,1999-05-11 0:00:00,mtly@gmail.com,913155875,222824361015,3000000,CN
C0103,Vương Văn,Hiệu,TRUE,1999-07-07 0:00:00,vvhieu@gmail.com,913040177,423261991223,0,CN
C0104,Lê Nam,Huy,TRUE,1999-04-14 0:00:00,lnhuy@gmail.com,987378557,882696553923,2000000,CN
C0105,Hoàng Vĩnh,Tân,TRUE,1999-10-11 0:00:00,hvtan@gmail.com,168442133,755741396622,3000000,CN
C0106,Thái Thảo,Lan,FALSE,1999-07-09 0:00:00,ttlan@gmail.com,987682393,788776541131,0,CN
C0107,Lâm Thị,Hương,FALSE,1999-02-07 0:00:00,lthuong@gmail.com,987542436,515657376151,0,CN
C0108,Bạch Văn Minh,Sinh,TRUE,1999-02-08 0:00:00,bvmsinh@gmail.com,168873574,657411375806,2000000,CN
C0109,Bạch Thị,Hoa,FALSE,1999-10-14 0:00:00,bthoa@gmail.com,913174720,347889227616,1000000,CN
C0110,Hoàng Nam,Huy,TRUE,1999-06-06 0:00:00,hnhuy@gmail.com,913275310,837111246336,3000000,CN
C0111,Thái Thảo,Ly,FALSE,1999-02-08 0:00:00,ttly@gmail.com,987578191,218467044376,0,CN
C0112,Phạm Thị Thanh,Nhung,FALSE,1999-01-21 0:00:00,pttnhung@gmail.com,168247951,746366546578,0,CN
C0113,Khương Văn Minh,Thiệu,TRUE,1999-05-10 0:00:00,kvmthieu@gmail.com,987682465,608831417298,0,CN
C0114,Vương Bạch,Ngọc,TRUE,1999-02-19 0:00:00,vbngoc@gmail.com,913017162,514836267938,0,CN
C0115,Hoàng Phương,Mỹ,FALSE,1999-10-21 0:00:00,hpmy@gmail.com,913812572,735328417911,0,CN
C0116,Văn Thị Thanh,Đào,FALSE,1999-03-11 0:00:00,vttdao@gmail.com,987536841,537879732291,2000000,CN
C0117,Lâm Thị Thanh,Đào,FALSE,1999-04-10 0:00:00,lttdao@gmail.com,168227373,686942154163,2000000,CN
C0118,Khương Văn,Bảo,TRUE,1999-05-10 0:00:00,kvbao@gmail.com,913445288,457626333763,1000000,CN
C0119,Cao Thảo,Thúy,FALSE,1999-03-17 0:00:00,ctthuy@gmail.com,168451848,718876653390,2000000,CN
C0120,Hoàng Văn Minh,Hòa,TRUE,1999-08-15 0:00:00,hvmhoa@gmail.com,168507265,596374804815,0,CN
C0121,Đặng Thanh,Minh,FALSE,1999-04-11 0:00:00,dtminh@gmail.com,987093434,763312562743,0,CN
C0122,Đặng Ngọc,Thanh,TRUE,1999-08-04 0:00:00,dnthanh@gmail.com,168488289,863396390717,1000000,CN
C0123,Nguyễn Văn Minh,Bảo,TRUE,1999-07-15 0:00:00,nvmbao@gmail.com,987742972,755261131243,0,CN
C0124,Đinh Thị Thanh,Loan,FALSE,1999-04-26 0:00:00,dttloan@gmail.com,913421473,333202646447,3000000,CN
C0125,Thái Phú,Ngọc,TRUE,1999-11-26 0:00:00,tpngoc@gmail.com,168112483,381872345627,2000000,CN
C0126,Đặng Nam,Trọng,TRUE,1999-07-11 0:00:00,dntrong@gmail.com,168595738,376085441897,2000000,CN
C0127,Cao Văn Minh,Hiệu,TRUE,1999-03-29 0:00:00,cvmhieu@gmail.com,168982483,825378816396,0,CN
C0128,Đinh Thị Thanh,Đào,FALSE,1999-08-04 0:00:00,dttdao@gmail.com,168643551,567223381124,0,CN
C0129,Phạm Văn,Sinh,TRUE,1999-03-31 0:00:00,pvsinh@gmail.com,987463816,149778805950,0,CN
C0130,Đặng Mạnh,Huy,TRUE,1999-05-27 0:00:00,dmhuy@gmail.com,913467919,139279537371,0,CN
C0131,Khương Văn Minh,Huy,TRUE,1999-10-16 0:00:00,kvmhuy@gmail.com,168541651,434456744897,1000000,CN
C0132,Phạm Thị Thanh,Dung,FALSE,1999-09-07 0:00:00,pttdung@gmail.com,913172326,42648721276,2000000,CN
C0133,Phạm Thanh,Tâm,FALSE,1999-04-16 0:00:00,pttam@gmail.com,168587261,710230037048,2000000,CN
C0134,Trần Thảo,Trang,FALSE,1999-07-13 0:00:00,tttrang@gmail.com,913523286,886868678152,0,CN
C0135,Đàm Vĩnh,Mẫn,TRUE,1999-06-11 0:00:00,dvman@gmail.com,913547957,532153343807,3000000,CN
C0136,Văn Bạch,Mỹ,TRUE,1999-04-29 0:00:00,vbmy@gmail.com,987419127,203372986103,1000000,CN
C0137,Văn Nam,Bảo,TRUE,1999-05-05 0:00:00,vnbao@gmail.com,168831446,247276566588,3000000,CN
C0138,Văn Thảo,Mai,FALSE,1999-06-13 0:00:00,vtmai@gmail.com,987802591,56434403148,0,CN
C0139,Mã Nam,Sinh,TRUE,1999-05-13 0:00:00,mnsinh@gmail.com,168226058,738245204655,1000000,CN
C0140,Đàm Vĩnh,Thăng,TRUE,1999-12-02 0:00:00,dvthang@gmail.com,913063278,681253422515,0,CN
C0141,Thái Thị Thanh,Mai,FALSE,1999-10-29 0:00:00,tttmai@gmail.com,987926366,111649423105,0,CN
C0142,Văn Thị Thảo,Thúy,FALSE,1999-10-17 0:00:00,vttthuy@gmail.com,168616505,674018988497,2000000,CN
C0143,Lý Minh,Thanh,TRUE,1999-03-13 0:00:00,lmthanh@gmail.com,913158873,708163564385,3000000,CN
C0144,Nguyễn Nam,Hiệu,TRUE,1999-04-18 0:00:00,nnhieu@gmail.com,987446168,765666386282,0,CN
C0145,Đặng Thanh,Mỹ,FALSE,1999-10-05 0:00:00,dtmy@gmail.com,913896263,389841192358,2000000,CN
C0146,Vương Thị Thanh,Hạnh,FALSE,1999-10-16 0:00:00,vtthanh@gmail.com,987773165,488884215176,1000000,CN
C0147,Nguyễn Thị Thanh,Đào,FALSE,1999-02-21 0:00:00,nttdao@gmail.com,987742684,999921411778,1000000,CN
C0148,Đặng Văn,Thăng,TRUE,1999-03-16 0:00:00,dvthang@gmail.com,913937413,440982447566,1000000,CN
C0149,Cao Thị Thảo,Hương,FALSE,1999-12-14 0:00:00,ctthuong@gmail.com,168821044,700652622226,0,CN
C0150,Lâm Văn Minh,Thăng,TRUE,1999-10-02 0:00:00,lvmthang@gmail.com,913576733,546483764245,3000000,CN
C0151,Lý Thị Thảo,Hạnh,FALSE,1999-07-06 0:00:00,ltthanh@gmail.com,913883771,636424656341,0,CN
C0152,Đặng Thị Thanh,Lan,FALSE,1999-09-24 0:00:00,dttlan@gmail.com,913216005,326354418416,1000000,CN
C0153,Phạm Thanh,Phương,TRUE,1999-07-11 0:00:00,ptphuong@gmail.com,913516753,114781757667,2000000,CN
C0154,Cao Văn Minh,Bảo,TRUE,1999-05-11 0:00:00,cvmbao@gmail.com,913598140,530460808272,3000000,CN
C0155,Trần Văn,Kiệt,TRUE,1999-10-04 0:00:00,tvkiet@gmail.com,913718235,513865093570,0,CN
C0156,Hoàng Thị Thanh,Hạnh,FALSE,1999-01-07 0:00:00,htthanh@gmail.com,168455842,137200937088,0,CN
C0157,Trần Minh,Mỹ,FALSE,1999-02-28 0:00:00,tmmy@gmail.com,913058821,592562456252,2000000,CN
C0158,Trần Nam,Tuấn,TRUE,1999-02-07 0:00:00,tntuan@gmail.com,913416377,508723746611,1000000,CN
C0159,Cao Thị Thanh,Hạnh,FALSE,1999-04-07 0:00:00,ctthanh@gmail.com,913321232,247255066175,1000000,CN
C0160,Phạm Thảo,Mai,FALSE,1999-12-19 0:00:00,ptmai@gmail.com,987316732,791319761675,0,CN
C0161,Mã Phú,Tâm,FALSE,1999-11-26 0:00:00,mptam@gmail.com,168142883,15174421341,3000000,CN
C0162,Đinh Văn Minh,Thăng,TRUE,1999-08-19 0:00:00,dvmthang@gmail.com,987976853,542952314914,1000000,CN
C0163,Đàm Ngọc,Thanh,TRUE,1999-03-12 0:00:00,dnthanh@gmail.com,913315935,638327421817,0,CN
C0164,Thái Minh,Mỹ,FALSE,1999-01-09 0:00:00,tmmy@gmail.com,913313205,242333228303,1000000,CN
C0165,Văn Minh,Ngọc,FALSE,1999-08-25 0:00:00,vmngoc@gmail.com,168620574,489655252872,0,CN
C0166,Lâm Bạch,Thanh,FALSE,1999-07-20 0:00:00,lbthanh@gmail.com,168048752,337365086252,1000000,CN
C0167,Mã Thảo,Ly,FALSE,1999-03-20 0:00:00,mtly@gmail.com,168465823,543884377340,2000000,CN
C0168,Hoàng Phương,Tâm,FALSE,1999-06-26 0:00:00,hptam@gmail.com,987581151,887284523307,2000000,CN
C0169,Đinh Văn Minh,Vỹ,TRUE,1999-08-13 0:00:00,dvmvy@gmail.com,987248889,218434311216,1000000,CN
C0170,Phạm Thị Thanh,Loan,FALSE,1999-08-29 0:00:00,pttloan@gmail.com,168765983,426515279387,0,CN
C0171,Vương Phú,Minh,FALSE,1999-02-14 0:00:00,vpminh@gmail.com,168556656,236761288312,0,CN
C0172,Văn Thị Thanh,Mai,FALSE,1999-11-21 0:00:00,vttmai@gmail.com,913713628,766853715456,2000000,CN
C0173,Trần Nam,Hiệu,TRUE,1999-08-01 0:00:00,tnhieu@gmail.com,987768345,206674606558,1000000,CN
C0174,Hoàng Nam,Thiệu,TRUE,1999-04-18 0:00:00,hnthieu@gmail.com,987741872,152112623703,1000000,CN
C0175,Đặng Thảo,Lan,FALSE,1999-05-29 0:00:00,dtlan@gmail.com,987644618,343353430123,3000000,CN
C0176,Cao Minh,Ngọc,TRUE,1999-12-13 0:00:00,cmngoc@gmail.com,913560171,971184119618,2000000,CN
C0177,Đặng Thị,Lan,FALSE,1999-03-28 0:00:00,dtlan@gmail.com,987185204,13187548126,3000000,CN
C0178,Đàm Văn,Lộc,TRUE,1999-05-21 0:00:00,dvloc@gmail.com,913448520,988837909681,2000000,CN
C0179,Văn Thị,Hạnh,FALSE,1999-07-26 0:00:00,vthanh@gmail.com,913732566,340879046922,2000000,CN
C0180,Nguyễn Văn Minh,Huy,TRUE,1999-04-19 0:00:00,nvmhuy@gmail.com,168343911,925804559478,2000000,CN
C0181,Đàm Mạnh,Kiệt,TRUE,1999-11-04 0:00:00,dmkiet@gmail.com,913312686,523274941356,2000000,CN
C0182,Khương Phương,Ngân,TRUE,1999-04-08 0:00:00,kpngan@gmail.com,913285653,210614313643,3000000,CN
C0183,Lê Văn Minh,Vỹ,TRUE,1999-02-06 0:00:00,lvmvy@gmail.com,987153235,396291512932,0,CN
C0184,Mã Thảo,Dung,FALSE,1999-11-11 0:00:00,mtdung@gmail.com,168745287,815006872808,0,CN
C0185,Lý Văn Minh,Phong,TRUE,1999-08-20 0:00:00,lvmphong@gmail.com,168889657,223939606261,3000000,CN
C0186,Lý Thảo,Hạnh,FALSE,1999-07-26 0:00:00,lthanh@gmail.com,987083017,388574724271,2000000,CN
C0187,Đinh Thảo,Hương,FALSE,1999-02-25 0:00:00,dthuong@gmail.com,987387763,982019652919,2000000,CN
C0188,Đặng Thanh,Ngọc,FALSE,1999-04-05 0:00:00,dtngoc@gmail.com,987834114,819233571527,1000000,CN
C0189,Lý Thị Thảo,Hương,FALSE,1999-06-10 0:00:00,ltthuong@gmail.com,168897157,113561413663,0,CN
C0190,Văn Thị Thảo,Loan,FALSE,1999-07-21 0:00:00,vttloan@gmail.com,913178556,344276294087,2000000,CN
C0191,Đặng Thảo,Ly,FALSE,1999-09-09 0:00:00,dtly@gmail.com,913438784,145548963406,3000000,CN
C0192,Lâm Vĩnh,Tân,TRUE,1999-04-23 0:00:00,lvtan@gmail.com,913953273,556760801316,3000000,CN
C0193,Lý Vĩnh,Tuấn,TRUE,1999-12-25 0:00:00,lvtuan@gmail.com,987482842,890156462574,2000000,CN
C0194,Trần Văn Minh,Tuấn,TRUE,1999-03-08 0:00:00,tvmtuan@gmail.com,987088479,314348477273,1000000,CN
C0195,Lê Văn,Kiệt,TRUE,1999-09-02 0:00:00,lvkiet@gmail.com,987526642,340619040482,3000000,CN
C0196,Đinh Ngọc,Thu,FALSE,1999-06-16 0:00:00,dnthu@gmail.com,168502711,157472777324,0,CN
C0197,Đinh Thảo,Mai,FALSE,1999-01-27 0:00:00,dtmai@gmail.com,168205239,683282117879,3000000,CN
C0198,Lê Văn Minh,Thiện,TRUE,1999-06-27 0:00:00,lvmthien@gmail.com,913495078,163946544228,2000000,CN
C0199,Bạch Phương,Mỹ,TRUE,1999-03-03 0:00:00,bpmy@gmail.com,168855668,704895779953,0,CN
C0200,Đinh Văn,Phong,TRUE,1999-07-21 0:00:00,dvphong@gmail.com,168985248,113824473918,3000000,CN
C0201,Lý Vĩnh,Sang,TRUE,1999-01-29 0:00:00,lvsang@gmail.com,168458283,116681821024,0,CN
C0202,Lê Thảo,Nga,FALSE,1999-02-25 0:00:00,ltnga@gmail.com,913399918,622956823559,2000000,CN
C0203,Khương Thanh,Phương,FALSE,1999-06-01 0:00:00,ktphuong@gmail.com,913257653,813464485434,2000000,CN
C0204,Khương Văn Minh,Tân,TRUE,1999-08-10 0:00:00,kvmtan@gmail.com,987186154,680791265074,3000000,CN
C0205,Cao Văn,Phong,TRUE,1999-04-10 0:00:00,cvphong@gmail.com,913513318,467601440437,2000000,CN
C0206,Hoàng Nam,Tuấn,TRUE,1999-08-13 0:00:00,hntuan@gmail.com,168277247,563185517187,0,CN
C0207,Cao Thanh,Thanh,TRUE,1999-07-06 0:00:00,ctthanh@gmail.com,168138144,330253701009,3000000,CN
C0208,Khương Vĩnh,Tuấn,TRUE,1999-04-28 0:00:00,kvtuan@gmail.com,168966584,158106948490,2000000,CN
C0209,Lâm Vĩnh,Mẫn,TRUE,1999-05-07 0:00:00,lvman@gmail.com,987843380,507951727533,0,CN
C0210,Hoàng Văn Minh,Hòa,TRUE,1999-08-25 0:00:00,hvmhoa@gmail.com,987613368,838826475369,1000000,CN
C0211,Vương Văn Minh,Tuấn,TRUE,1999-11-27 0:00:00,vvmtuan@gmail.com,168781200,578244881843,2000000,CN
C0212,Trần Thị Thanh,Mai,FALSE,1999-10-30 0:00:00,tttmai@gmail.com,913300524,974288773773,1000000,CN
C0213,Văn Thị Thanh,Ly,FALSE,1999-06-06 0:00:00,vttly@gmail.com,168476335,283286560567,2000000,CN
C0214,Mã Thảo,Thúy,FALSE,1999-01-25 0:00:00,mtthuy@gmail.com,987424537,113315323846,0,CN
C0215,Đàm Thị Thanh,Hạnh,FALSE,1999-06-05 0:00:00,dtthanh@gmail.com,987358836,985154249933,3000000,CN
C0216,Đinh Thanh,Thanh,FALSE,1999-04-09 0:00:00,dtthanh@gmail.com,987705817,531437738832,1000000,CN
C0217,Trần Bạch,Thu,TRUE,1999-08-18 0:00:00,tbthu@gmail.com,987731662,753178473118,2000000,CN
C0218,Khương Thị Thanh,Mai,FALSE,1999-10-02 0:00:00,kttmai@gmail.com,987938472,93559659361,3000000,CN
C0219,Đinh Thảo,Đào,FALSE,1999-05-27 0:00:00,dtdao@gmail.com,168997275,720365242316,1000000,CN
C0220,Thái Mạnh,Huy,TRUE,1999-12-03 0:00:00,tmhuy@gmail.com,987494526,401081351210,3000000,CN
C0221,Lý Ngọc,Ngân,FALSE,1999-05-19 0:00:00,lnngan@gmail.com,168808232,315602028410,0,CN
C0222,Lê Thảo,Trúc,FALSE,1999-11-11 0:00:00,lttruc@gmail.com,913527668,409074012627,0,CN
C0223,Khương Minh,Tâm,TRUE,1999-04-12 0:00:00,kmtam@gmail.com,913065257,158993544183,0,CN
C0224,Lê Nam,Bảo,TRUE,1999-08-21 0:00:00,lnbao@gmail.com,913472857,420187384946,1000000,CN
C0225,Lý Văn Minh,Phong,TRUE,1999-02-14 0:00:00,lvmphong@gmail.com,913457646,872247317474,3000000,CN
C0226,Lý Nam,Huy,TRUE,1999-11-30 0:00:00,lnhuy@gmail.com,168082065,811978367716,2000000,CN
C0227,Lê Thanh,Minh,FALSE,1999-10-02 0:00:00,ltminh@gmail.com,913801829,788593931103,1000000,CN
C0228,Trần Thị,Hoa,FALSE,1999-07-30 0:00:00,tthoa@gmail.com,987409934,630098889607,2000000,CN
C0229,Đặng Vĩnh,Thiệu,TRUE,1999-08-04 0:00:00,dvthieu@gmail.com,913072249,297842881441,3000000,CN
C0230,Hoàng Thảo,Ly,FALSE,1999-07-12 0:00:00,htly@gmail.com,168122865,465398714288,2000000,CN
C0231,Bạch Thị,Lan,FALSE,1999-12-17 0:00:00,btlan@gmail.com,168886346,371107521416,3000000,CN
C0232,Phạm Nam,Trọng,TRUE,1999-12-15 0:00:00,pntrong@gmail.com,168666184,273278687887,3000000,CN
C0233,Lâm Thảo,Nga,FALSE,1999-10-10 0:00:00,ltnga@gmail.com,913785334,475458534132,1000000,CN
C0234,Hoàng Văn Minh,Tuấn,TRUE,1999-11-30 0:00:00,hvmtuan@gmail.com,987542323,719916879915,2000000,CN
C0235,Nguyễn Văn Minh,Sinh,TRUE,1999-04-25 0:00:00,nvmsinh@gmail.com,987145366,215138762296,3000000,CN
C0236,Vương Thảo,Thúy,FALSE,1999-03-12 0:00:00,vtthuy@gmail.com,913439485,664247371785,3000000,CN
C0237,Đàm Bạch,Thu,TRUE,1999-04-27 0:00:00,dbthu@gmail.com,913245348,644731719742,2000000,CN
C0238,Đàm Phú,Ngân,TRUE,1999-02-20 0:00:00,dpngan@gmail.com,913155199,517555182893,3000000,CN
C0239,Vương Thị Thảo,Hương,FALSE,1999-04-05 0:00:00,vtthuong@gmail.com,168365514,954454846584,3000000,CN
C0240,Phạm Thị,Hương,FALSE,1999-06-19 0:00:00,pthuong@gmail.com,168755546,122176168587,0,CN
C0241,Hoàng Vĩnh,Phong,TRUE,1999-11-02 0:00:00,hvphong@gmail.com,987589308,784520351463,1000000,CN
C0242,Lê Mạnh,Kiệt,TRUE,1999-06-19 0:00:00,lmkiet@gmail.com,987167158,567008265666,1000000,CN
C0243,Đàm Thanh,Mỹ,FALSE,1999-01-30 0:00:00,dtmy@gmail.com,168645382,455674846206,0,CN
C0244,Đàm Văn Minh,Huy,TRUE,1999-10-24 0:00:00,dvmhuy@gmail.com,168643111,740353841518,3000000,CN
C0245,Cao Minh,Thu,FALSE,1999-11-20 0:00:00,cmthu@gmail.com,913165000,776823107760,3000000,CN
C0246,Lý Văn Minh,Huy,TRUE,1999-06-16 0:00:00,lvmhuy@gmail.com,168415361,578635737915,1000000,CN
C0247,Văn Thị,Hạnh,FALSE,1999-05-03 0:00:00,vthanh@gmail.com,913612725,960863852316,3000000,CN
C0248,Trần Thảo,Loan,FALSE,1999-11-28 0:00:00,ttloan@gmail.com,168682529,59334162158,1000000,CN
C0249,Khương Thị Thanh,Trúc,FALSE,1999-12-07 0:00:00,ktttruc@gmail.com,987596866,435669451418,0,CN
C0250,Bạch Thanh,Ngân,TRUE,1999-07-26 0:00:00,btngan@gmail.com,987428634,978391626213,2000000,CN
C0251,Thái Nam,Thăng,TRUE,1999-07-03 0:00:00,tnthang@gmail.com,987143032,493601403416,1000000,CN
C0252,Mã Thị,Dung,FALSE,1999-09-24 0:00:00,mtdung@gmail.com,913177843,528505955319,2000000,CN
C0253,Lâm Thị Thanh,Dung,FALSE,1999-09-21 0:00:00,lttdung@gmail.com,913154086,442454372516,1000000,CN
C0254,Mã Văn Minh,Huy,TRUE,1999-04-06 0:00:00,mvmhuy@gmail.com,168338447,786333949615,2000000,CN
C0255,Thái Thảo,Dung,FALSE,1999-08-21 0:00:00,ttdung@gmail.com,913010383,413876632445,0,CN
C0256,Văn Thị Thảo,Trúc,FALSE,1999-04-05 0:00:00,vtttruc@gmail.com,168037798,561556400187,2000000,CN
C0257,Phạm Văn,Vỹ,TRUE,1999-10-16 0:00:00,pvvy@gmail.com,168005838,533440698171,2000000,CN
C0258,Lâm Văn Minh,Thiện,TRUE,1999-06-14 0:00:00,lvmthien@gmail.com,913623786,245238461763,0,CN
C0259,Đinh Thảo,Ly,FALSE,1999-11-03 0:00:00,dtly@gmail.com,987502362,710813317041,1000000,CN
C0260,Vương Phương,Phương,TRUE,1999-08-20 0:00:00,vpphuong@gmail.com,987494605,657287375936,1000000,CN
C0261,Mã Nam,Thiệu,TRUE,1999-02-04 0:00:00,mnthieu@gmail.com,168256599,192854188738,3000000,CN
C0262,Lý Thanh,Thanh,TRUE,1999-03-18 0:00:00,ltthanh@gmail.com,168552725,727352692342,2000000,CN
C0263,Văn Mạnh,Tuấn,TRUE,1999-10-04 0:00:00,vmtuan@gmail.com,168146172,476452288745,0,CN
C0264,Vương Thị,Nhung,FALSE,1999-09-03 0:00:00,vtnhung@gmail.com,913534986,636662819094,3000000,CN
C0265,Trần Thị Thanh,Nga,FALSE,1999-07-12 0:00:00,tttnga@gmail.com,913246228,743834971334,3000000,CN
C0266,Khương Thanh,Thanh,TRUE,1999-10-05 0:00:00,ktthanh@gmail.com,913405469,728064086261,1000000,CN
C0267,Văn Thảo,Đào,FALSE,1999-06-17 0:00:00,vtdao@gmail.com,913841754,135538101757,0,CN
C0268,Cao Thanh,Phương,FALSE,1999-01-10 0:00:00,ctphuong@gmail.com,168347224,568390144371,1000000,CN
C0269,Văn Thị Thanh,Hoa,FALSE,1999-10-26 0:00:00,vtthoa@gmail.com,913387001,930186018512,2000000,CN
C0270,Phạm Văn Minh,Thiện,TRUE,1999-12-28 0:00:00,pvmthien@gmail.com,913789035,327285592447,0,CN
C0271,Cao Thị Thanh,Ly,FALSE,1999-11-05 0:00:00,cttly@gmail.com,913477333,107648372513,1000000,CN
C0272,Thái Nam,Dũng,TRUE,1999-08-12 0:00:00,tndung@gmail.com,913486853,701413814886,0,CN
C0273,Phạm Nam,Huy,TRUE,1999-09-11 0:00:00,pnhuy@gmail.com,987835875,554276843252,1000000,CN
C0274,Lâm Nam,Trọng,TRUE,1999-10-13 0:00:00,lntrong@gmail.com,987756143,467448403122,2000000,CN
C0275,Mã Minh,Thu,TRUE,1999-02-12 0:00:00,mmthu@gmail.com,987622479,675044723881,3000000,CN
C0276,Cao Thị Thảo,Hoa,FALSE,1999-03-18 0:00:00,ctthoa@gmail.com,913451087,234623161757,0,CN
C0277,Cao Thảo,Dung,FALSE,1999-10-26 0:00:00,ctdung@gmail.com,987544075,267720652577,1000000,CN
C0278,Mã Thị,Đào,FALSE,1999-11-03 0:00:00,mtdao@gmail.com,168284321,644560584027,1000000,CN
C0279,Khương Thị,Nga,FALSE,1999-01-18 0:00:00,ktnga@gmail.com,913426271,174045735111,1000000,CN
C0280,Lê Văn Minh,Mẫn,TRUE,1999-12-20 0:00:00,lvmman@gmail.com,913628639,686590649728,0,CN
C0281,Lê Thảo,Thúy,FALSE,1999-06-21 0:00:00,ltthuy@gmail.com,987663246,278275763558,1000000,CN
C0282,Khương Thị,Hương,FALSE,1999-09-28 0:00:00,kthuong@gmail.com,168329787,577130294627,1000000,CN
C0283,Lý Thị Thảo,Thúy,FALSE,1999-01-03 0:00:00,lttthuy@gmail.com,987834882,668740458309,3000000,CN
C0284,Mã Thị,Mai,FALSE,1999-08-19 0:00:00,mtmai@gmail.com,168645813,924236927123,3000000,CN
C0285,Cao Văn Minh,Kiệt,TRUE,1999-04-06 0:00:00,cvmkiet@gmail.com,987425958,565525652546,2000000,CN
C0286,Lâm Thanh,Ngọc,FALSE,1999-08-20 0:00:00,ltngoc@gmail.com,913745772,848276576011,3000000,CN
C0287,Lý Văn Minh,Bảo,TRUE,1999-09-03 0:00:00,lvmbao@gmail.com,987173323,865414829628,3000000,CN
C0288,Mã Phú,Tâm,FALSE,1999-05-04 0:00:00,mptam@gmail.com,987112375,748711051357,2000000,CN
C0289,Đặng Vĩnh,Sinh,TRUE,1999-12-06 0:00:00,dvsinh@gmail.com,913144178,474432156349,3000000,CN
C0290,Phạm Phú,Mỹ,TRUE,1999-03-15 0:00:00,ppmy@gmail.com,913723178,517937343803,0,CN
C0291,Lê Vĩnh,Thiệu,TRUE,1999-12-21 0:00:00,lvthieu@gmail.com,913631111,285762358672,3000000,CN
C0292,Phạm Thị Thảo,Thúy,FALSE,1999-11-21 0:00:00,pttthuy@gmail.com,913421218,658938261777,2000000,CN
C0293,Đàm Ngọc,Mỹ,FALSE,1999-01-05 0:00:00,dnmy@gmail.com,987240790,631403439411,0,CN
C0294,Phạm Nam,Bảo,TRUE,1999-12-30 0:00:00,pnbao@gmail.com,987586638,968772828515,1000000,CN
C0295,Lê Thị Thanh,Hạnh,FALSE,1999-12-19 0:00:00,ltthanh@gmail.com,987167840,766344276483,1000000,CN
C0296,Phạm Thảo,Nga,FALSE,1999-07-16 0:00:00,ptnga@gmail.com,987347124,608131117293,1000000,CN
C0297,Lý Vĩnh,Phong,TRUE,1999-03-17 0:00:00,lvphong@gmail.com,987478501,443223214141,1000000,CN
C0298,Hoàng Phú,Thanh,FALSE,1999-12-17 0:00:00,hpthanh@gmail.com,913241042,141276933478,3000000,CN
C0299,Đặng Văn,Thiện,TRUE,1999-05-10 0:00:00,dvthien@gmail.com,987417864,466344267402,3000000,CN
C0300,Vương Thanh,Mỹ,FALSE,1999-04-01 0:00:00,vtmy@gmail.com,913752447,176775567182,1000000,CN
C0301,Bạch Văn Minh,Bảo,TRUE,1999-02-16 0:00:00,bvmbao@gmail.com,168340188,567057612357,0,CN
C0302,Đặng Thị,Nhung,FALSE,1999-02-03 0:00:00,dtnhung@gmail.com,168434753,865782549233,0,CN
C0303,Đặng Văn Minh,Phong,TRUE,1999-01-11 0:00:00,dvmphong@gmail.com,168221742,321731414280,1000000,CN
C0304,Văn Phú,Thu,FALSE,1999-03-19 0:00:00,vpthu@gmail.com,987617367,431068204211,3000000,CN
C0305,Lê Ngọc,Ngân,FALSE,1999-09-09 0:00:00,lnngan@gmail.com,913120844,825417777847,0,CN
C0306,Lý Văn,Thiệu,TRUE,1999-08-14 0:00:00,lvthieu@gmail.com,987938967,167338898052,1000000,CN
C0307,Trần Phú,Ngân,TRUE,1999-07-13 0:00:00,tpngan@gmail.com,987660853,550458718916,2000000,CN
C0308,Phạm Văn,Vỹ,TRUE,1999-07-10 0:00:00,pvvy@gmail.com,913574585,821466721543,2000000,CN
C0309,Vương Thị Thanh,Thúy,FALSE,1999-02-17 0:00:00,vttthuy@gmail.com,987328783,684097855865,1000000,CN
C0310,Lý Mạnh,Hòa,TRUE,1999-09-28 0:00:00,lmhoa@gmail.com,168268448,703752622535,1000000,CN
C0311,Lý Vĩnh,Bảo,TRUE,1999-06-09 0:00:00,lvbao@gmail.com,913383664,792622751460,0,CN
C0312,Phạm Thị Thanh,Nga,FALSE,1999-05-09 0:00:00,pttnga@gmail.com,987723351,230986272888,0,CN
C0313,Phạm Văn Minh,Tân,TRUE,1999-05-15 0:00:00,pvmtan@gmail.com,987074511,225947227786,3000000,CN
C0314,Lý Văn Minh,Thiện,TRUE,1999-03-18 0:00:00,lvmthien@gmail.com,987512695,393593434388,1000000,CN
C0315,Phạm Mạnh,Trọng,TRUE,1999-06-05 0:00:00,pmtrong@gmail.com,913823544,737358165273,0,CN
C0316,Lê Nam,Phong,TRUE,1999-12-06 0:00:00,lnphong@gmail.com,913225878,142334524318,2000000,CN
C0317,Hoàng Văn,Thăng,TRUE,1999-04-08 0:00:00,hvthang@gmail.com,987202080,484690170577,2000000,CN
C0318,Lê Nam,Tuấn,TRUE,1999-07-19 0:00:00,lntuan@gmail.com,987833368,225891886981,2000000,CN
C0319,Đàm Vĩnh,Sang,TRUE,1999-06-28 0:00:00,dvsang@gmail.com,168574152,829562146291,3000000,CN
C0320,Bạch Vĩnh,Tân,TRUE,1999-06-27 0:00:00,bvtan@gmail.com,168757418,391475170745,1000000,CN
C0321,Trần Văn,Bảo,TRUE,1999-04-28 0:00:00,tvbao@gmail.com,168814266,215531145419,2000000,CN
C0322,Đàm Minh,Ngọc,TRUE,1999-06-04 0:00:00,dmngoc@gmail.com,987502479,724714161305,3000000,CN
C0323,Lý Thảo,Thúy,FALSE,1999-03-14 0:00:00,ltthuy@gmail.com,913254961,262183313635,2000000,CN
C0324,Vương Thảo,Nhung,FALSE,1999-09-06 0:00:00,vtnhung@gmail.com,913463385,263477283328,2000000,CN
C0325,Đàm Văn Minh,Bảo,TRUE,1999-03-05 0:00:00,dvmbao@gmail.com,913163855,305297935133,3000000,CN
C0326,Mã Thị Thảo,Lan,FALSE,1999-11-29 0:00:00,mttlan@gmail.com,987165336,515355143421,2000000,CN
C0327,Cao Thị Thảo,Nga,FALSE,1999-10-10 0:00:00,cttnga@gmail.com,913106245,304077884474,2000000,CN
C0328,Mã Thảo,Lan,FALSE,1999-09-17 0:00:00,mtlan@gmail.com,987660266,386236792877,0,CN
C0329,Cao Mạnh,Sang,TRUE,1999-10-29 0:00:00,cmsang@gmail.com,987453151,457662022369,0,CN
C0330,Đặng Văn,Mẫn,TRUE,1999-05-15 0:00:00,dvman@gmail.com,168767430,324977841848,3000000,CN
C0331,Đinh Nam,Vỹ,TRUE,1999-03-28 0:00:00,dnvy@gmail.com,913647328,827442877249,0,CN
C0332,Cao Ngọc,Tâm,TRUE,1999-04-17 0:00:00,cntam@gmail.com,913476743,236022722732,3000000,CN
C0333,Mã Thị Thanh,Hoa,FALSE,1999-10-23 0:00:00,mtthoa@gmail.com,913516276,893541229376,1000000,CN
C0334,Trần Thị Thanh,Hạnh,FALSE,1999-07-30 0:00:00,ttthanh@gmail.com,913740286,484687622369,2000000,CN
C0335,Trần Văn,Bảo,TRUE,1999-05-30 0:00:00,tvbao@gmail.com,987666472,257335971215,2000000,CN
C0336,Lý Ngọc,Ngọc,FALSE,1999-03-28 0:00:00,lnngoc@gmail.com,987287122,608714303340,1000000,CN
C0337,Mã Ngọc,Ngọc,TRUE,1999-03-28 0:00:00,mnngoc@gmail.com,913966654,812761468098,1000000,CN
C0338,Lê Mạnh,Tuấn,TRUE,1999-07-24 0:00:00,lmtuan@gmail.com,913242580,665054484814,2000000,CN
C0339,Đặng Mạnh,Trọng,TRUE,1999-01-06 0:00:00,dmtrong@gmail.com,168751034,337042722967,3000000,CN
C0340,Mã Minh,Ngọc,TRUE,1999-01-02 0:00:00,mmngoc@gmail.com,168217253,174252674983,2000000,CN
C0341,Hoàng Văn Minh,Thiệu,TRUE,1999-01-30 0:00:00,hvmthieu@gmail.com,168337178,806426936453,3000000,CN
C0342,Lâm Bạch,Thu,FALSE,1999-03-22 0:00:00,lbthu@gmail.com,913615992,970785432613,3000000,CN
C0343,Lê Minh,Mỹ,TRUE,1999-05-30 0:00:00,lmmy@gmail.com,987757975,323118819457,2000000,CN
C0344,Khương Nam,Trọng,TRUE,1999-08-28 0:00:00,kntrong@gmail.com,913311163,153886389825,2000000,CN
C0345,Lê Thanh,Phương,FALSE,1999-10-24 0:00:00,ltphuong@gmail.com,913068695,433244574543,2000000,CN
C0346,Lê Mạnh,Trọng,TRUE,1999-10-11 0:00:00,lmtrong@gmail.com,168916456,892558960163,3000000,CN
C0347,Cao Vĩnh,Thăng,TRUE,1999-04-03 0:00:00,cvthang@gmail.com,987585795,846222863129,1000000,CN
C0348,Hoàng Văn,Thăng,TRUE,1999-07-11 0:00:00,hvthang@gmail.com,913382336,382488420871,0,CN
C0349,Bạch Văn Minh,Trọng,TRUE,1999-11-20 0:00:00,bvmtrong@gmail.com,168553907,416412832724,1000000,CN
C0350,Lý Nam,Thiệu,TRUE,1999-06-30 0:00:00,lnthieu@gmail.com,168768752,169376078307,0,CN
C0351,Lý Minh,Ngọc,FALSE,1999-08-22 0:00:00,lmngoc@gmail.com,987245552,443156294245,0,CN
C0352,Khương Vĩnh,Sang,TRUE,1999-09-09 0:00:00,kvsang@gmail.com,987133222,562111734517,0,CN
C0353,Nguyễn Thị Thanh,Mai,FALSE,1999-02-02 0:00:00,nttmai@gmail.com,913146727,530132447471,3000000,CN
C0354,Bạch Văn Minh,Vỹ,TRUE,1999-08-17 0:00:00,bvmvy@gmail.com,913307826,329446477508,3000000,CN
C0355,Văn Thị,Mai,FALSE,1999-11-10 0:00:00,vtmai@gmail.com,987327541,855354458643,0,CN
C0356,Phạm Vĩnh,Thăng,TRUE,1999-05-10 0:00:00,pvthang@gmail.com,913519421,552719389531,0,CN
C0357,Lê Thị,Hoa,FALSE,1999-08-24 0:00:00,lthoa@gmail.com,168168028,407376423068,3000000,CN
C0358,Cao Thị Thanh,Hạnh,FALSE,1999-07-10 0:00:00,ctthanh@gmail.com,913746759,654616392721,2000000,CN
C0359,Phạm Thị,Dung,FALSE,1999-02-08 0:00:00,ptdung@gmail.com,987589558,451397858115,1000000,CN
C0360,Lý Thảo,Trúc,FALSE,1999-10-26 0:00:00,lttruc@gmail.com,913675221,622764403001,2000000,CN
C0361,Cao Văn Minh,Bảo,TRUE,1999-09-25 0:00:00,cvmbao@gmail.com,913979117,252518433976,0,CN
C0362,Bạch Thảo,Đào,FALSE,1999-12-03 0:00:00,btdao@gmail.com,913650229,987464141763,0,CN
C0363,Thái Thị Thanh,Nhung,FALSE,1999-03-04 0:00:00,tttnhung@gmail.com,987134595,767910625784,3000000,CN
C0364,Hoàng Bạch,Thanh,FALSE,1999-09-19 0:00:00,hbthanh@gmail.com,168382637,601434691532,1000000,CN
C0365,Đàm Thảo,Hoa,FALSE,1999-01-26 0:00:00,dthoa@gmail.com,987787693,440378306175,2000000,CN
C0366,Hoàng Mạnh,Dũng,TRUE,1999-01-03 0:00:00,hmdung@gmail.com,913740520,660578880739,2000000,CN
C0367,Mã Thảo,Đào,FALSE,1999-08-13 0:00:00,mtdao@gmail.com,987752185,326263235327,2000000,CN
C0368,Hoàng Minh,Phương,TRUE,1999-04-19 0:00:00,hmphuong@gmail.com,913851747,11899180155,1000000,CN
C0369,Đinh Minh,Ngọc,TRUE,1999-03-12 0:00:00,dmngoc@gmail.com,913372711,322839772389,1000000,CN
C0370,Đinh Vĩnh,Hiệu,TRUE,1999-02-16 0:00:00,dvhieu@gmail.com,913458858,467391937338,0,CN
C0371,Đặng Vĩnh,Phong,TRUE,1999-11-15 0:00:00,dvphong@gmail.com,913025122,677115378572,1000000,CN
C0372,Phạm Văn,Phong,TRUE,1999-10-08 0:00:00,pvphong@gmail.com,168302791,766963468652,3000000,CN
C0373,Lê Nam,Thăng,TRUE,1999-03-03 0:00:00,lnthang@gmail.com,987431127,383667868641,3000000,CN
C0374,Cao Ngọc,Tâm,FALSE,1999-05-25 0:00:00,cntam@gmail.com,913022063,954521697456,2000000,CN
C0375,Vương Thanh,Mỹ,FALSE,1999-07-27 0:00:00,vtmy@gmail.com,913883144,405724023346,2000000,CN
C0376,Đặng Thị,Đào,FALSE,1999-09-03 0:00:00,dtdao@gmail.com,913320945,407522736824,2000000,CN
C0377,Đặng Nam,Phong,TRUE,1999-06-04 0:00:00,dnphong@gmail.com,168124384,855644595843,0,CN
C0378,Lê Mạnh,Lộc,TRUE,1999-12-14 0:00:00,lmloc@gmail.com,987258175,612874258236,2000000,CN
C0379,Lê Thanh,Thanh,TRUE,1999-03-06 0:00:00,ltthanh@gmail.com,168860848,90353155495,1000000,CN
C0380,Phạm Thảo,Đào,FALSE,1999-10-21 0:00:00,ptdao@gmail.com,168946061,165023447739,1000000,CN
C0381,Phạm Thanh,Thu,TRUE,1999-04-03 0:00:00,ptthu@gmail.com,987638743,287491168551,3000000,CN
C0382,Cao Văn,Sang,TRUE,1999-07-01 0:00:00,cvsang@gmail.com,987723185,133752746562,1000000,CN
C0383,Phạm Vĩnh,Mẫn,TRUE,1999-08-19 0:00:00,pvman@gmail.com,168358355,898335195651,1000000,CN
C0384,Bạch Văn Minh,Thiện,TRUE,1999-09-16 0:00:00,bvmthien@gmail.com,987573143,781449277489,2000000,CN
C0385,Văn Minh,Phương,TRUE,1999-06-04 0:00:00,vmphuong@gmail.com,987447780,634872681822,3000000,CN
C0386,Lý Văn,Sinh,TRUE,1999-05-16 0:00:00,lvsinh@gmail.com,168784496,213174971504,1000000,CN
C0387,Lê Bạch,Ngân,FALSE,1999-04-29 0:00:00,lbngan@gmail.com,913158437,647119351103,0,CN
C0388,Đàm Phương,Phương,TRUE,1999-05-16 0:00:00,dpphuong@gmail.com,913576289,330183766453,1000000,CN
C0389,Đặng Văn Minh,Sinh,TRUE,1999-10-14 0:00:00,dvmsinh@gmail.com,913972195,715200085085,3000000,CN
C0390,Đàm Văn Minh,Tuấn,TRUE,1999-01-11 0:00:00,dvmtuan@gmail.com,913646716,164553117545,1000000,CN
C0391,Phạm Minh,Minh,FALSE,1999-08-05 0:00:00,pmminh@gmail.com,987864567,792446474853,0,CN
C0392,Bạch Thị Thảo,Hương,FALSE,1999-05-13 0:00:00,btthuong@gmail.com,987661544,881455473079,2000000,CN
C0393,Thái Thanh,Ngân,TRUE,1999-04-21 0:00:00,ttngan@gmail.com,168964124,772024117633,2000000,CN
C0394,Phạm Mạnh,Hòa,TRUE,1999-07-16 0:00:00,pmhoa@gmail.com,913776626,518881139587,2000000,CN
C0395,Lý Nam,Sang,TRUE,1999-01-20 0:00:00,lnsang@gmail.com,987787611,203587828878,0,CN
C0396,Thái Văn Minh,Vỹ,TRUE,1999-02-09 0:00:00,tvmvy@gmail.com,987422401,869685821416,2000000,CN
C0397,Lý Ngọc,Mỹ,FALSE,1999-10-04 0:00:00,lnmy@gmail.com,168217858,153105244149,1000000,CN
C0398,Lê Thị Thảo,Hương,FALSE,1999-03-26 0:00:00,ltthuong@gmail.com,987130461,265431322613,0,CN
C0399,Thái Nam,Dũng,TRUE,1999-06-07 0:00:00,tndung@gmail.com,168469465,468130418174,0,CN
C0400,Văn Vĩnh,Hòa,TRUE,1999-11-04 0:00:00,vvhoa@gmail.com,168314165,745895563489,1000000,CN
C0401,Bạch Bạch,Mỹ,TRUE,1999-12-14 0:00:00,bbmy@gmail.com,913696887,966406308632,2000000,CN
C0402,Đàm Văn Minh,Thiệu,TRUE,1999-06-25 0:00:00,dvmthieu@gmail.com,168547454,269426565563,0,CN
C0403,Phạm Văn,Thiện,TRUE,1999-06-17 0:00:00,pvthien@gmail.com,168528593,495604827305,3000000,CN
C0404,Mã Phú,Ngân,TRUE,1999-07-15 0:00:00,mpngan@gmail.com,913437123,664955067082,1000000,CN
C0405,Trần Văn,Thiện,TRUE,1999-06-04 0:00:00,tvthien@gmail.com,168147443,419623773784,0,CN
C0406,Lý Văn Minh,Hòa,TRUE,1999-08-13 0:00:00,lvmhoa@gmail.com,913927862,344581462123,1000000,CN
C0407,Văn Thảo,Nga,FALSE,1999-11-12 0:00:00,vtnga@gmail.com,913605725,727613041154,0,CN
C0408,Bạch Văn Minh,Huy,TRUE,1999-10-31 0:00:00,bvmhuy@gmail.com,913155223,748361353094,0,CN
C0409,Lê Thảo,Đào,FALSE,1999-12-24 0:00:00,ltdao@gmail.com,987823857,959896767246,3000000,CN
C0410,Bạch Vĩnh,Hòa,TRUE,1999-07-12 0:00:00,bvhoa@gmail.com,168042708,424682249749,0,CN
C0411,Nguyễn Thảo,Loan,FALSE,1999-04-15 0:00:00,ntloan@gmail.com,987313288,904298249266,0,CN
C0412,Nguyễn Nam,Thiệu,TRUE,1999-04-17 0:00:00,nnthieu@gmail.com,913855537,814739989223,2000000,CN
C0413,Đặng Thị,Hương,FALSE,1999-05-06 0:00:00,dthuong@gmail.com,168239351,723218867800,3000000,CN
C0414,Hoàng Văn Minh,Huy,TRUE,1999-05-30 0:00:00,hvmhuy@gmail.com,913801080,623285012352,0,CN
C0415,Lâm Thảo,Đào,FALSE,1999-07-29 0:00:00,ltdao@gmail.com,987853510,525966824756,3000000,CN
C0416,Nguyễn Vĩnh,Mẫn,TRUE,1999-11-27 0:00:00,nvman@gmail.com,168473575,378316442265,3000000,CN
C0417,Phạm Bạch,Thanh,FALSE,1999-11-04 0:00:00,pbthanh@gmail.com,913287358,124861541472,2000000,CN
C0418,Văn Thảo,Đào,FALSE,1999-03-28 0:00:00,vtdao@gmail.com,913426348,878807822259,0,CN
C0419,Đàm Phú,Thu,FALSE,1999-07-05 0:00:00,dpthu@gmail.com,987548311,261617747295,2000000,CN
C0420,Lê Thanh,Ngọc,TRUE,1999-05-17 0:00:00,ltngoc@gmail.com,987762034,466762388281,0,CN
C0421,Lý Ngọc,Minh,TRUE,1999-12-17 0:00:00,lnminh@gmail.com,913190884,623561787618,0,CN
C0422,Đàm Thị Thanh,Đào,FALSE,1999-09-22 0:00:00,dttdao@gmail.com,987257288,373848017676,2000000,CN
C0423,Bạch Văn Minh,Huy,TRUE,1999-06-16 0:00:00,bvmhuy@gmail.com,913661354,405166524955,1000000,CN
C0424,Lê Minh,Ngân,FALSE,1999-11-18 0:00:00,lmngan@gmail.com,168866174,751233823415,2000000,CN
C0425,Phạm Nam,Mẫn,TRUE,1999-02-25 0:00:00,pnman@gmail.com,987754427,113160062314,1000000,CN
C0426,Hoàng Thị Thanh,Trúc,FALSE,1999-08-13 0:00:00,htttruc@gmail.com,913947364,474765324352,0,CN
C0427,Phạm Thị Thảo,Trúc,FALSE,1999-03-30 0:00:00,ptttruc@gmail.com,913376279,64797856644,1000000,CN
C0428,Đàm Thị,Đào,FALSE,1999-04-06 0:00:00,dtdao@gmail.com,987979211,138455662716,0,CN
C0429,Bạch Văn Minh,Sang,TRUE,1999-02-19 0:00:00,bvmsang@gmail.com,913085423,745958641977,3000000,CN
C0430,Trần Thị Thanh,Trúc,FALSE,1999-01-29 0:00:00,ttttruc@gmail.com,913652765,509327444582,3000000,CN
C0431,Đàm Vĩnh,Thiệu,TRUE,1999-03-18 0:00:00,dvthieu@gmail.com,913103188,762646256483,3000000,CN
C0432,Lâm Thị,Trúc,FALSE,1999-10-20 0:00:00,lttruc@gmail.com,913202668,920028470687,0,CN
C0433,Đàm Thị Thanh,Mai,FALSE,1999-03-03 0:00:00,dttmai@gmail.com,168815466,347248682172,3000000,CN
C0434,Đinh Vĩnh,Lộc,TRUE,1999-03-05 0:00:00,dvloc@gmail.com,168900815,431419796621,0,CN
C0435,Văn Vĩnh,Kiệt,TRUE,1999-03-03 0:00:00,vvkiet@gmail.com,987468614,852712763847,0,CN
C0436,Lâm Thị Thanh,Dung,FALSE,1999-11-24 0:00:00,lttdung@gmail.com,168753165,971746450069,2000000,CN
C0437,Cao Mạnh,Tuấn,TRUE,1999-09-06 0:00:00,cmtuan@gmail.com,168199643,267875746614,3000000,CN
C0438,Trần Thảo,Hương,FALSE,1999-09-29 0:00:00,tthuong@gmail.com,168586159,844584778613,3000000,CN
C0439,Đàm Thị,Lan,FALSE,1999-08-22 0:00:00,dtlan@gmail.com,987462616,457545338698,0,CN
C0440,Vương Mạnh,Sang,TRUE,1999-03-21 0:00:00,vmsang@gmail.com,987382669,472767734242,1000000,CN
C0441,Văn Thị Thanh,Hạnh,FALSE,1999-06-07 0:00:00,vtthanh@gmail.com,987633418,14224497717,3000000,CN
C0442,Văn Thị Thanh,Nga,FALSE,1999-08-09 0:00:00,vttnga@gmail.com,913516766,512953723282,2000000,CN
C0443,Lâm Văn Minh,Tuấn,TRUE,1999-02-11 0:00:00,lvmtuan@gmail.com,913653761,490775431528,1000000,CN
C0444,Đàm Nam,Tân,TRUE,1999-03-12 0:00:00,dntan@gmail.com,913229717,962113679279,0,CN
C0445,Đàm Ngọc,Thu,FALSE,1999-09-18 0:00:00,dnthu@gmail.com,987617437,105802047565,2000000,CN
C0446,Đàm Văn Minh,Sinh,TRUE,1999-08-15 0:00:00,dvmsinh@gmail.com,913068853,830302252818,2000000,CN
C0447,Đặng Thị,Nhung,FALSE,1999-06-19 0:00:00,dtnhung@gmail.com,987418689,722648164882,3000000,CN
C0448,Khương Thanh,Thu,FALSE,1999-08-30 0:00:00,ktthu@gmail.com,987783654,862071688474,0,CN
C0449,Bạch Mạnh,Bảo,TRUE,1999-05-17 0:00:00,bmbao@gmail.com,168987536,776221786150,2000000,CN
C0450,Trần Nam,Tuấn,TRUE,1999-09-11 0:00:00,tntuan@gmail.com,987677575,944517325865,2000000,CN
C0451,Văn Minh,Phương,TRUE,1999-02-26 0:00:00,vmphuong@gmail.com,987415478,616248776458,2000000,CN
C0452,Đàm Vĩnh,Vỹ,TRUE,1999-08-09 0:00:00,dvvy@gmail.com,987781530,101427412453,2000000,CN
C0453,Văn Thị Thanh,Mai,FALSE,1999-07-21 0:00:00,vttmai@gmail.com,168242635,489292238845,0,CN
C0454,Nguyễn Văn Minh,Kiệt,TRUE,1999-09-13 0:00:00,nvmkiet@gmail.com,987728382,279750274437,0,CN
C0455,Văn Thảo,Lan,FALSE,1999-12-03 0:00:00,vtlan@gmail.com,987725628,765140415362,0,CN
C0456,Nguyễn Thảo,Đào,FALSE,1999-09-14 0:00:00,ntdao@gmail.com,168614925,786844871882,3000000,CN
C0457,Bạch Thị Thanh,Hạnh,FALSE,1999-05-10 0:00:00,btthanh@gmail.com,168268210,645933502115,1000000,CN
C0458,Lâm Mạnh,Thăng,TRUE,1999-11-13 0:00:00,lmthang@gmail.com,987375785,874593389518,1000000,CN
C0459,Đinh Thị Thảo,Hương,FALSE,1999-08-19 0:00:00,dtthuong@gmail.com,913948612,51336097483,0,CN
C0460,Cao Vĩnh,Tuấn,TRUE,1999-03-31 0:00:00,cvtuan@gmail.com,913456061,78778843672,2000000,CN
C0461,Hoàng Thảo,Hạnh,FALSE,1999-02-21 0:00:00,hthanh@gmail.com,913989283,432221417662,3000000,CN
C0462,Lê Vĩnh,Tuấn,TRUE,1999-12-12 0:00:00,lvtuan@gmail.com,168420148,214661128832,2000000,CN
C0463,Đinh Thị,Ly,FALSE,1999-05-14 0:00:00,dtly@gmail.com,913505963,453525154664,1000000,CN
C0464,Lâm Văn Minh,Sang,TRUE,1999-08-02 0:00:00,lvmsang@gmail.com,987685851,130028757474,2000000,CN
C0465,Khương Nam,Bảo,TRUE,1999-02-19 0:00:00,knbao@gmail.com,168606265,555446147527,0,CN
C0466,Lâm Thảo,Hoa,FALSE,1999-04-18 0:00:00,lthoa@gmail.com,913611845,128675540066,3000000,CN
C0467,Nguyễn Thị Thanh,Trúc,FALSE,1999-03-21 0:00:00,ntttruc@gmail.com,987829163,287855585018,1000000,CN
C0468,Vương Thanh,Ngân,TRUE,1999-05-23 0:00:00,vtngan@gmail.com,168486655,930742647183,2000000,CN
C0469,Phạm Vĩnh,Hòa,TRUE,1999-11-08 0:00:00,pvhoa@gmail.com,168444562,982168595883,2000000,CN
C0470,Đàm Văn Minh,Thiệu,TRUE,1999-07-19 0:00:00,dvmthieu@gmail.com,987629645,144388705869,0,CN
C0471,Mã Thảo,Mai,FALSE,1999-07-03 0:00:00,mtmai@gmail.com,168192483,211413632627,1000000,CN
C0472,Khương Nam,Bảo,TRUE,1999-08-13 0:00:00,knbao@gmail.com,913566872,655233938084,3000000,CN
C0473,Đặng Thảo,Nhung,FALSE,1999-03-18 0:00:00,dtnhung@gmail.com,168516133,812432511898,2000000,CN
C0474,Đinh Thị,Nga,FALSE,1999-02-14 0:00:00,dtnga@gmail.com,913398132,136163923242,1000000,CN
C0475,Mã Văn,Hòa,TRUE,1999-12-10 0:00:00,mvhoa@gmail.com,913162645,508596478355,2000000,CN
C0476,Cao Thị Thảo,Trang,FALSE,1999-01-04 0:00:00,ctttrang@gmail.com,168459256,879282724835,3000000,CN
C0477,Trần Thanh,Thu,FALSE,1999-11-15 0:00:00,ttthu@gmail.com,913092974,775395146886,0,CN
C0478,Đinh Thị Thảo,Thúy,FALSE,1999-01-04 0:00:00,dttthuy@gmail.com,987720318,893535467534,2000000,CN
C0479,Cao Thảo,Nga,FALSE,1999-01-10 0:00:00,ctnga@gmail.com,913184297,903616133565,1000000,CN
C0480,Văn Văn,Lộc,TRUE,1999-05-27 0:00:00,vvloc@gmail.com,987869452,649235321195,3000000,CN
C0481,Bạch Minh,Thu,FALSE,1999-02-24 0:00:00,bmthu@gmail.com,987736019,725978360675,3000000,CN
C0482,Khương Văn Minh,Tuấn,TRUE,1999-09-19 0:00:00,kvmtuan@gmail.com,987636799,356558591786,0,CN
C0483,Lý Vĩnh,Thiệu,TRUE,1999-06-21 0:00:00,lvthieu@gmail.com,913453657,432742077115,0,CN
C0484,Trần Vĩnh,Trọng,TRUE,1999-02-17 0:00:00,tvtrong@gmail.com,987976142,703499812390,0,CN
C0485,Đặng Nam,Hòa,TRUE,1999-11-05 0:00:00,dnhoa@gmail.com,987487462,223817673650,2000000,CN
C0486,Mã Thị Thanh,Hương,FALSE,1999-08-29 0:00:00,mtthuong@gmail.com,987572666,876502838928,1000000,CN
C0487,Vương Văn Minh,Trọng,TRUE,1999-02-28 0:00:00,vvmtrong@gmail.com,168761868,357093547375,0,CN
C0488,Nguyễn Bạch,Thanh,FALSE,1999-06-13 0:00:00,nbthanh@gmail.com,913921331,769521524281,0,CN
C0489,Phạm Văn Minh,Thiện,TRUE,1999-05-21 0:00:00,pvmthien@gmail.com,168648235,757653856681,0,CN
C0490,Phạm Minh,Thu,FALSE,1999-10-07 0:00:00,pmthu@gmail.com,987774343,885266473168,1000000,CN
C0491,Đàm Phương,Ngọc,FALSE,1999-12-11 0:00:00,dpngoc@gmail.com,168945461,823576923388,0,CN
C0492,Bạch Văn,Trọng,TRUE,1999-06-18 0:00:00,bvtrong@gmail.com,913251389,625173073725,0,CN
C0493,Đinh Phú,Mỹ,FALSE,1999-02-06 0:00:00,dpmy@gmail.com,987696469,574067785564,3000000,CN
C0494,Cao Nam,Hòa,TRUE,1999-07-11 0:00:00,cnhoa@gmail.com,913210583,747241670565,1000000,CN
C0495,Khương Văn,Thăng,TRUE,1999-04-26 0:00:00,kvthang@gmail.com,168372401,838207305432,0,CN
C0496,Đàm Thanh,Mỹ,FALSE,1999-11-07 0:00:00,dtmy@gmail.com,987158102,45330756410,0,CN
C0497,Đàm Bạch,Thanh,FALSE,1999-09-26 0:00:00,dbthanh@gmail.com,913476530,920017220788,1000000,CN
C0498,Lê Thảo,Thúy,FALSE,1999-09-09 0:00:00,ltthuy@gmail.com,987282354,722901735535,1000000,CN
C0499,Trần Thảo,Thúy,FALSE,1999-01-16 0:00:00,ttthuy@gmail.com,168146516,180691503172,0,CN
C0500,Cao Văn,Bảo,TRUE,1999-11-14 0:00:00,cvbao@gmail.com,987580257,101478507741,1000000,CN
T0501,Đàm Thị Thanh,Loan,FALSE,1999-08-31 0:00:00,dttloan@gmail.com,168817583,143697515719,2000000,TO
T0502,Bạch Thảo,Mai,FALSE,1999-01-23 0:00:00,btmai@gmail.com,168257067,955743181258,2000000,TO
T0503,Đinh Nam,Mẫn,TRUE,1999-03-05 0:00:00,dnman@gmail.com,987997679,967675754520,1000000,TO
T0504,Đặng Thị Thanh,Lan,FALSE,1999-02-22 0:00:00,dttlan@gmail.com,168555118,802626736308,3000000,TO
T0505,Lý Thảo,Ly,FALSE,1999-02-08 0:00:00,ltly@gmail.com,913084722,451631615880,1000000,TO
T0506,Cao Minh,Thanh,TRUE,1999-07-07 0:00:00,cmthanh@gmail.com,168770732,25320185228,2000000,TO
T0507,Cao Minh,Thu,FALSE,1999-05-04 0:00:00,cmthu@gmail.com,913423285,557428195122,0,TO
T0508,Trần Thị Thảo,Nhung,FALSE,1999-11-10 0:00:00,tttnhung@gmail.com,987228466,988514148472,1000000,TO
T0509,Văn Phú,Minh,TRUE,1999-02-26 0:00:00,vpminh@gmail.com,987582078,498321478166,0,TO
T0510,Khương Vĩnh,Dũng,TRUE,1999-04-17 0:00:00,kvdung@gmail.com,913681898,773526102315,0,TO
T0511,Đàm Nam,Mẫn,TRUE,1999-03-13 0:00:00,dnman@gmail.com,913914034,521614099934,2000000,TO
T0512,Đàm Vĩnh,Huy,TRUE,1999-03-18 0:00:00,dvhuy@gmail.com,987023222,140514432657,0,TO
T0513,Thái Văn Minh,Kiệt,TRUE,1999-04-19 0:00:00,tvmkiet@gmail.com,913922643,753805518894,3000000,TO
T0514,Lâm Vĩnh,Hiệu,TRUE,1999-04-07 0:00:00,lvhieu@gmail.com,987225364,851011183269,1000000,TO
T0515,Cao Ngọc,Thu,TRUE,1999-09-20 0:00:00,cnthu@gmail.com,987545814,302885885188,1000000,TO
T0516,Hoàng Nam,Thiện,TRUE,1999-10-12 0:00:00,hnthien@gmail.com,168302457,382762643822,3000000,TO
T0517,Thái Bạch,Phương,TRUE,1999-10-13 0:00:00,tbphuong@gmail.com,913417512,163518642432,1000000,TO
T0518,Trần Thị,Trúc,FALSE,1999-06-15 0:00:00,tttruc@gmail.com,168547593,231749644258,2000000,TO
T0519,Cao Thị Thanh,Nhung,FALSE,1999-05-17 0:00:00,cttnhung@gmail.com,987576384,754181291531,1000000,TO
T0520,Bạch Văn Minh,Lộc,TRUE,1999-09-19 0:00:00,bvmloc@gmail.com,913772353,546843385180,0,TO
T0521,Nguyễn Vĩnh,Vỹ,TRUE,1999-01-25 0:00:00,nvvy@gmail.com,987266237,825476235244,2000000,TO
T0522,Văn Thảo,Dung,FALSE,1999-03-14 0:00:00,vtdung@gmail.com,987078231,157863724305,3000000,TO
T0523,Đặng Văn,Vỹ,TRUE,1999-10-05 0:00:00,dvvy@gmail.com,987288243,630968406154,1000000,TO
T0524,Lý Vĩnh,Mẫn,TRUE,1999-11-28 0:00:00,lvman@gmail.com,913586133,652177657746,3000000,TO
T0525,Nguyễn Thảo,Trang,FALSE,1999-08-29 0:00:00,nttrang@gmail.com,168618962,114125674779,3000000,TO
T0526,Thái Văn Minh,Sang,TRUE,1999-08-05 0:00:00,tvmsang@gmail.com,168962756,396982445065,0,TO
T0527,Hoàng Thị Thanh,Thúy,FALSE,1999-12-22 0:00:00,httthuy@gmail.com,168549942,632787564693,0,TO
T0528,Hoàng Thị Thanh,Lan,FALSE,1999-08-30 0:00:00,httlan@gmail.com,987414344,536327619578,2000000,TO
T0529,Khương Thị,Loan,FALSE,1999-09-09 0:00:00,ktloan@gmail.com,168146587,387723193634,3000000,TO
T0530,Đinh Văn Minh,Hòa,TRUE,1999-02-15 0:00:00,dvmhoa@gmail.com,168487701,148746477534,2000000,TO
T0531,Mã Vĩnh,Huy,TRUE,1999-03-07 0:00:00,mvhuy@gmail.com,987607736,51587944415,0,TO
T0532,Nguyễn Thị,Mai,FALSE,1999-06-18 0:00:00,ntmai@gmail.com,913681488,453205955565,3000000,TO
T0533,Lê Thanh,Ngọc,TRUE,1999-09-06 0:00:00,ltngoc@gmail.com,168285432,827331075008,0,TO
T0534,Đàm Phương,Phương,TRUE,1999-07-26 0:00:00,dpphuong@gmail.com,987479533,766536533635,2000000,TO
T0535,Lâm Mạnh,Phong,TRUE,1999-05-12 0:00:00,lmphong@gmail.com,987884664,232578499323,3000000,TO
T0536,Đinh Văn Minh,Vỹ,TRUE,1999-03-19 0:00:00,dvmvy@gmail.com,168267174,503146043319,0,TO
T0537,Văn Văn,Vỹ,TRUE,1999-09-22 0:00:00,vvvy@gmail.com,913735282,876167216537,2000000,TO
T0538,Hoàng Thị Thanh,Đào,FALSE,1999-04-10 0:00:00,httdao@gmail.com,913617178,551875363705,1000000,TO
T0539,Lâm Thị,Thúy,FALSE,1999-07-22 0:00:00,ltthuy@gmail.com,913357383,753934328121,2000000,TO
T0540,Bạch Thảo,Nga,FALSE,1999-04-24 0:00:00,btnga@gmail.com,913232679,818483988072,0,TO
T0541,Mã Thảo,Mai,FALSE,1999-05-14 0:00:00,mtmai@gmail.com,987573946,264471122563,1000000,TO
T0542,Mã Phú,Ngân,FALSE,1999-07-29 0:00:00,mpngan@gmail.com,913798897,888338434638,1000000,TO
T0543,Đàm Văn,Tân,TRUE,1999-03-29 0:00:00,dvtan@gmail.com,168267358,487251846878,3000000,TO
T0544,Đinh Văn,Sinh,TRUE,1999-11-17 0:00:00,dvsinh@gmail.com,987265108,166373486896,3000000,TO
T0545,Lâm Văn Minh,Huy,TRUE,1999-03-30 0:00:00,lvmhuy@gmail.com,987495674,738702886272,1000000,TO
T0546,Đinh Nam,Thiệu,TRUE,1999-09-11 0:00:00,dnthieu@gmail.com,913713166,447647454582,3000000,TO
T0547,Lâm Thanh,Mỹ,TRUE,1999-11-18 0:00:00,ltmy@gmail.com,987675667,154238707185,2000000,TO
T0548,Lý Thảo,Đào,FALSE,1999-02-24 0:00:00,ltdao@gmail.com,168087978,110724369697,0,TO
T0549,Thái Thị Thảo,Mai,FALSE,1999-06-11 0:00:00,tttmai@gmail.com,987377274,71827753561,2000000,TO
T0550,Văn Văn Minh,Thiệu,TRUE,1999-06-12 0:00:00,vvmthieu@gmail.com,987046545,345271543883,3000000,TO
T0551,Đinh Phương,Ngân,TRUE,1999-06-02 0:00:00,dpngan@gmail.com,913664848,612158470618,0,TO
T0552,Hoàng Nam,Phong,TRUE,1999-07-18 0:00:00,hnphong@gmail.com,168788880,841376811215,0,TO
T0553,Văn Thảo,Dung,FALSE,1999-07-05 0:00:00,vtdung@gmail.com,913726036,488824784348,1000000,TO
T0554,Khương Văn Minh,Lộc,TRUE,1999-05-23 0:00:00,kvmloc@gmail.com,913173424,537745381857,3000000,TO
T0555,Đinh Nam,Sinh,TRUE,1999-12-08 0:00:00,dnsinh@gmail.com,168726647,214448873288,0,TO
T0556,Lê Thị,Hoa,FALSE,1999-06-08 0:00:00,lthoa@gmail.com,168487668,602378357896,3000000,TO
T0557,Phạm Thị Thanh,Hoa,FALSE,1999-07-18 0:00:00,ptthoa@gmail.com,913171650,396663865661,1000000,TO
T0558,Đặng Bạch,Ngân,FALSE,1999-02-16 0:00:00,dbngan@gmail.com,168477235,899209597743,3000000,TO
T0559,Khương Nam,Vỹ,TRUE,1999-04-04 0:00:00,knvy@gmail.com,913436533,425379480519,1000000,TO
T0560,Lâm Minh,Thanh,FALSE,1999-06-26 0:00:00,lmthanh@gmail.com,987375257,352101436024,3000000,TO
T0561,Vương Vĩnh,Hòa,TRUE,1999-11-30 0:00:00,vvhoa@gmail.com,168222714,772753394786,3000000,TO
T0562,Văn Vĩnh,Vỹ,TRUE,1999-09-28 0:00:00,vvvy@gmail.com,168166450,756952993913,0,TO
T0563,Lê Thị,Nga,FALSE,1999-08-26 0:00:00,ltnga@gmail.com,168272278,421648722704,1000000,TO
T0564,Đặng Nam,Kiệt,TRUE,1999-05-27 0:00:00,dnkiet@gmail.com,168120061,516749872587,2000000,TO
T0565,Đinh Thị Thanh,Hoa,FALSE,1999-08-16 0:00:00,dtthoa@gmail.com,168249065,187701841483,1000000,TO
T0566,Trần Thị Thanh,Lan,FALSE,1999-03-09 0:00:00,tttlan@gmail.com,987594646,863291382727,3000000,TO
T0567,Bạch Minh,Phương,TRUE,1999-01-02 0:00:00,bmphuong@gmail.com,913557666,838144557426,0,TO
T0568,Vương Thị Thanh,Nga,FALSE,1999-08-21 0:00:00,vttnga@gmail.com,987406124,291886375788,3000000,TO
T0569,Mã Thanh,Phương,FALSE,1999-10-17 0:00:00,mtphuong@gmail.com,913008756,616518256051,0,TO
T0570,Cao Vĩnh,Thăng,TRUE,1999-06-20 0:00:00,cvthang@gmail.com,987225226,749556515520,0,TO
T0571,Bạch Thảo,Hoa,FALSE,1999-05-27 0:00:00,bthoa@gmail.com,168430535,888365452355,3000000,TO
T0572,Trần Thảo,Thúy,FALSE,1999-11-03 0:00:00,ttthuy@gmail.com,913252388,856791477155,0,TO
T0573,Lê Mạnh,Sang,TRUE,1999-01-01 0:00:00,lmsang@gmail.com,168676432,751715917526,1000000,TO
T0574,Cao Nam,Phong,TRUE,1999-06-03 0:00:00,cnphong@gmail.com,987701258,885848832878,3000000,TO
T0575,Lê Bạch,Ngân,FALSE,1999-03-06 0:00:00,lbngan@gmail.com,913459090,386893091214,0,TO
T0576,Mã Văn,Sinh,TRUE,1999-10-30 0:00:00,mvsinh@gmail.com,168192676,52018668818,1000000,TO
T0577,Thái Mạnh,Thiệu,TRUE,1999-02-19 0:00:00,tmthieu@gmail.com,168272208,131438158422,0,TO
T0578,Hoàng Mạnh,Hiệu,TRUE,1999-09-16 0:00:00,hmhieu@gmail.com,913198358,553176052978,3000000,TO
T0579,Đàm Thảo,Hoa,FALSE,1999-03-18 0:00:00,dthoa@gmail.com,168677981,272582647352,2000000,TO
T0580,Bạch Nam,Phong,TRUE,1999-11-24 0:00:00,bnphong@gmail.com,913654072,43893703782,0,TO
T0581,Khương Mạnh,Huy,TRUE,1999-07-08 0:00:00,kmhuy@gmail.com,168888487,194088541045,2000000,TO
T0582,Nguyễn Nam,Tuấn,TRUE,1999-06-10 0:00:00,nntuan@gmail.com,987962122,265803678475,0,TO
T0583,Văn Vĩnh,Sang,TRUE,1999-11-07 0:00:00,vvsang@gmail.com,987115782,425888757135,2000000,TO
T0584,Đàm Bạch,Ngân,TRUE,1999-04-28 0:00:00,dbngan@gmail.com,168535534,165541702107,0,TO
T0585,Nguyễn Thị Thanh,Nhung,FALSE,1999-03-24 0:00:00,nttnhung@gmail.com,168193305,771364411564,0,TO
T0586,Lê Thị Thảo,Thúy,FALSE,1999-02-05 0:00:00,lttthuy@gmail.com,168265845,35689678415,0,TO
T0587,Lê Minh,Ngân,FALSE,1999-02-03 0:00:00,lmngan@gmail.com,168474368,513678136419,3000000,TO
T0588,Đặng Thảo,Ly,FALSE,1999-07-24 0:00:00,dtly@gmail.com,168874529,742394868483,3000000,TO
T0589,Bạch Thị Thanh,Đào,FALSE,1999-07-19 0:00:00,bttdao@gmail.com,987564571,592076498502,2000000,TO
T0590,Cao Thị,Hoa,FALSE,1999-06-08 0:00:00,cthoa@gmail.com,913136413,462194551422,0,TO
T0591,Đàm Văn Minh,Dũng,TRUE,1999-05-27 0:00:00,dvmdung@gmail.com,168752819,993551931781,3000000,TO
T0592,Đặng Thảo,Nhung,FALSE,1999-10-14 0:00:00,dtnhung@gmail.com,913156960,83731476896,2000000,TO
T0593,Mã Phú,Thanh,TRUE,1999-11-22 0:00:00,mpthanh@gmail.com,168353686,455422427211,0,TO
T0594,Nguyễn Minh,Ngọc,FALSE,1999-07-15 0:00:00,nmngoc@gmail.com,168363851,27434159665,1000000,TO
T0595,Đinh Thảo,Hương,FALSE,1999-09-27 0:00:00,dthuong@gmail.com,987053486,129661081807,2000000,TO
T0596,Đinh Nam,Bảo,TRUE,1999-05-15 0:00:00,dnbao@gmail.com,913360168,818065752655,0,TO
T0597,Đàm Minh,Ngân,FALSE,1999-02-03 0:00:00,dmngan@gmail.com,168247311,49128886461,0,TO
T0598,Lý Thị Thảo,Loan,FALSE,1999-05-29 0:00:00,lttloan@gmail.com,913171613,421160733442,0,TO
T0599,Hoàng Vĩnh,Phong,TRUE,1999-07-09 0:00:00,hvphong@gmail.com,987234326,733327566627,0,TO
T0600,Đinh Vĩnh,Lộc,TRUE,1999-11-22 0:00:00,dvloc@gmail.com,168002778,413328779603,2000000,TO
V0601,Văn Phú,Thu,TRUE,1999-07-03 0:00:00,vpthu@gmail.com,168777791,58182344785,1000000,VL
V0602,Khương Thị Thanh,Thúy,FALSE,1999-06-03 0:00:00,kttthuy@gmail.com,168682471,690435500843,3000000,VL
V0603,Đinh Thảo,Nhung,FALSE,1999-03-19 0:00:00,dtnhung@gmail.com,987842567,538878751363,3000000,VL
V0604,Văn Thị,Loan,FALSE,1999-08-18 0:00:00,vtloan@gmail.com,168551652,378883241715,2000000,VL
V0605,Lê Minh,Tâm,TRUE,1999-07-14 0:00:00,lmtam@gmail.com,987838753,482850787650,3000000,VL
V0606,Mã Nam,Thiệu,TRUE,1999-06-15 0:00:00,mnthieu@gmail.com,913378668,354721534223,0,VL
V0607,Cao Phú,Phương,FALSE,1999-11-26 0:00:00,cpphuong@gmail.com,987519816,458884510375,2000000,VL
V0608,Khương Thị,Hương,FALSE,1999-12-05 0:00:00,kthuong@gmail.com,987225836,202286585010,3000000,VL
V0609,Bạch Phú,Thu,FALSE,1999-06-07 0:00:00,bpthu@gmail.com,168937401,741836643417,3000000,VL
V0610,Lê Vĩnh,Thăng,TRUE,1999-07-21 0:00:00,lvthang@gmail.com,168377187,637751175568,1000000,VL
V0611,Khương Văn Minh,Tuấn,TRUE,1999-07-26 0:00:00,kvmtuan@gmail.com,987477368,154307286045,2000000,VL
V0612,Thái Phương,Minh,TRUE,1999-06-22 0:00:00,tpminh@gmail.com,913574615,418879347250,3000000,VL
V0613,Mã Thị Thanh,Nhung,FALSE,1999-07-29 0:00:00,mttnhung@gmail.com,913178360,787870782636,0,VL
V0614,Hoàng Nam,Mẫn,TRUE,1999-05-14 0:00:00,hnman@gmail.com,987181087,103864860347,3000000,VL
V0615,Mã Thanh,Minh,TRUE,1999-07-03 0:00:00,mtminh@gmail.com,913778835,953519172866,1000000,VL
V0616,Đàm Thị Thảo,Đào,FALSE,1999-08-09 0:00:00,dttdao@gmail.com,168371006,928040346137,0,VL
V0617,Lý Vĩnh,Trọng,TRUE,1999-10-29 0:00:00,lvtrong@gmail.com,987558845,338817568834,2000000,VL
V0618,Vương Mạnh,Huy,TRUE,1999-11-13 0:00:00,vmhuy@gmail.com,987366723,139770678869,0,VL
V0619,Phạm Minh,Minh,TRUE,1999-05-20 0:00:00,pmminh@gmail.com,168664518,741542871503,1000000,VL
V0620,Lê Mạnh,Bảo,TRUE,1999-02-24 0:00:00,lmbao@gmail.com,987962869,75196777933,1000000,VL
V0621,Vương Thị Thanh,Thúy,FALSE,1999-08-12 0:00:00,vttthuy@gmail.com,987668123,752985556125,1000000,VL
V0622,Vương Vĩnh,Thiện,TRUE,1999-09-04 0:00:00,vvthien@gmail.com,987015083,948666895382,2000000,VL
V0623,Đàm Minh,Ngọc,FALSE,1999-07-28 0:00:00,dmngoc@gmail.com,168635234,327920840705,0,VL
V0624,Bạch Phú,Phương,TRUE,1999-07-14 0:00:00,bpphuong@gmail.com,987594847,19943867210,2000000,VL
V0625,Phạm Văn Minh,Bảo,TRUE,1999-04-28 0:00:00,pvmbao@gmail.com,168901116,537147614657,2000000,VL
V0626,Lý Nam,Lộc,TRUE,1999-06-08 0:00:00,lnloc@gmail.com,913906165,302014755952,3000000,VL
V0627,Thái Thảo,Mai,FALSE,1999-08-15 0:00:00,ttmai@gmail.com,987602755,483195833555,3000000,VL
V0628,Khương Vĩnh,Dũng,TRUE,1999-06-27 0:00:00,kvdung@gmail.com,913567525,11242895119,0,VL
V0629,Lý Nam,Thăng,TRUE,1999-05-30 0:00:00,lnthang@gmail.com,168856288,180263208447,2000000,VL
V0630,Khương Minh,Mỹ,TRUE,1999-01-17 0:00:00,kmmy@gmail.com,987286777,387739954289,2000000,VL
V0631,Lâm Bạch,Thanh,TRUE,1999-09-04 0:00:00,lbthanh@gmail.com,913188116,152576669409,1000000,VL
V0632,Đinh Mạnh,Hòa,TRUE,1999-10-12 0:00:00,dmhoa@gmail.com,168636666,118743121674,3000000,VL
V0633,Lý Văn Minh,Tân,TRUE,1999-02-23 0:00:00,lvmtan@gmail.com,987393548,181573308348,3000000,VL
V0634,Đặng Ngọc,Ngân,TRUE,1999-08-07 0:00:00,dnngan@gmail.com,168326271,824588280726,3000000,VL
V0635,Văn Văn,Huy,TRUE,1999-12-04 0:00:00,vvhuy@gmail.com,168634644,492469053717,0,VL
V0636,Đặng Thảo,Nhung,FALSE,1999-05-05 0:00:00,dtnhung@gmail.com,913314204,759351972192,3000000,VL
V0637,Lê Văn Minh,Phong,TRUE,1999-10-06 0:00:00,lvmphong@gmail.com,913829688,107525728527,1000000,VL
V0638,Phạm Vĩnh,Dũng,TRUE,1999-04-17 0:00:00,pvdung@gmail.com,913123254,75377756679,1000000,VL
V0639,Văn Thị Thảo,Dung,FALSE,1999-02-11 0:00:00,vttdung@gmail.com,913178816,885453477796,3000000,VL
V0640,Hoàng Thảo,Hương,FALSE,1999-07-09 0:00:00,hthuong@gmail.com,913821381,164599833383,3000000,VL
V0641,Lê Thị Thanh,Hoa,FALSE,1999-06-02 0:00:00,ltthoa@gmail.com,913607583,768475825158,3000000,VL
V0642,Phạm Thị Thanh,Hương,FALSE,1999-11-04 0:00:00,ptthuong@gmail.com,168542318,514382369016,0,VL
V0643,Đinh Thị,Ly,FALSE,1999-08-17 0:00:00,dtly@gmail.com,168552949,443272852301,2000000,VL
V0644,Đinh Nam,Dũng,TRUE,1999-07-06 0:00:00,dndung@gmail.com,913501763,234175083722,1000000,VL
V0645,Mã Bạch,Thu,TRUE,1999-05-21 0:00:00,mbthu@gmail.com,913736511,629917218830,1000000,VL
V0646,Thái Nam,Sinh,TRUE,1999-01-05 0:00:00,tnsinh@gmail.com,913020768,988421775689,0,VL
V0647,Lâm Phú,Mỹ,TRUE,1999-07-08 0:00:00,lpmy@gmail.com,987163627,712428785839,2000000,VL
V0648,Văn Thảo,Loan,FALSE,1999-06-25 0:00:00,vtloan@gmail.com,987448851,762434564267,0,VL
V0649,Hoàng Thanh,Phương,FALSE,1999-06-02 0:00:00,htphuong@gmail.com,168513562,331898445441,2000000,VL
V0650,Phạm Mạnh,Lộc,TRUE,1999-11-05 0:00:00,pmloc@gmail.com,913031944,483384516785,0,VL
V0651,Thái Thảo,Dung,FALSE,1999-02-13 0:00:00,ttdung@gmail.com,168142036,659597488181,0,VL
V0652,Phạm Bạch,Mỹ,FALSE,1999-01-13 0:00:00,pbmy@gmail.com,168033051,653322679287,0,VL
V0653,Hoàng Mạnh,Vỹ,TRUE,1999-09-14 0:00:00,hmvy@gmail.com,168431326,292135616516,0,VL
V0654,Vương Minh,Thu,FALSE,1999-03-14 0:00:00,vmthu@gmail.com,913625835,878612392182,1000000,VL
V0655,Vương Thị Thanh,Dung,FALSE,1999-08-04 0:00:00,vttdung@gmail.com,913117751,145718058453,3000000,VL
V0656,Đàm Mạnh,Hòa,TRUE,1999-04-22 0:00:00,dmhoa@gmail.com,987585756,530955800864,2000000,VL
V0657,Thái Thị,Hương,FALSE,1999-02-20 0:00:00,tthuong@gmail.com,168414235,899218518281,3000000,VL
V0658,Cao Mạnh,Thiện,TRUE,1999-07-03 0:00:00,cmthien@gmail.com,913025477,688643695157,3000000,VL
V0659,Đặng Thị,Đào,FALSE,1999-11-21 0:00:00,dtdao@gmail.com,987947345,279812838600,1000000,VL
V0660,Đàm Thảo,Loan,FALSE,1999-11-02 0:00:00,dtloan@gmail.com,987452013,635851182689,1000000,VL
V0661,Mã Bạch,Phương,FALSE,1999-08-11 0:00:00,mbphuong@gmail.com,168329615,625524536682,3000000,VL
V0662,Khương Bạch,Thanh,TRUE,1999-01-19 0:00:00,kbthanh@gmail.com,168816590,321283127466,1000000,VL
V0663,Đàm Văn Minh,Trọng,TRUE,1999-02-15 0:00:00,dvmtrong@gmail.com,913442323,145562733047,3000000,VL
V0664,Vương Văn Minh,Mẫn,TRUE,1999-07-16 0:00:00,vvmman@gmail.com,913425237,140809727277,3000000,VL
V0665,Đặng Thị Thanh,Nga,FALSE,1999-03-25 0:00:00,dttnga@gmail.com,987946343,626254750445,0,VL
V0666,Mã Văn Minh,Thiện,TRUE,1999-08-30 0:00:00,mvmthien@gmail.com,168425757,565484777388,0,VL
V0667,Lâm Thảo,Lan,FALSE,1999-06-20 0:00:00,ltlan@gmail.com,913519630,356721333615,3000000,VL
V0668,Lâm Minh,Thu,TRUE,1999-08-23 0:00:00,lmthu@gmail.com,987564601,712452591005,2000000,VL
V0669,Thái Thanh,Tâm,TRUE,1999-07-10 0:00:00,tttam@gmail.com,168350610,366567833589,1000000,VL
V0670,Bạch Thị Thanh,Nga,FALSE,1999-05-22 0:00:00,bttnga@gmail.com,913282054,101439863168,0,VL
V0671,Lâm Vĩnh,Lộc,TRUE,1999-07-19 0:00:00,lvloc@gmail.com,987854137,306534970277,1000000,VL
V0672,Phạm Văn Minh,Thăng,TRUE,1999-11-23 0:00:00,pvmthang@gmail.com,913864735,111586391442,1000000,VL
V0673,Lâm Vĩnh,Trọng,TRUE,1999-04-10 0:00:00,lvtrong@gmail.com,168534378,698227050462,2000000,VL
V0674,Bạch Nam,Thiệu,TRUE,1999-08-14 0:00:00,bnthieu@gmail.com,168463843,387667121219,0,VL
V0675,Phạm Phú,Minh,FALSE,1999-02-09 0:00:00,ppminh@gmail.com,987665151,310384852528,1000000,VL
V0676,Đàm Thảo,Ly,FALSE,1999-05-08 0:00:00,dtly@gmail.com,913188686,625956757207,2000000,VL
V0677,Nguyễn Thị Thanh,Nhung,FALSE,1999-09-10 0:00:00,nttnhung@gmail.com,168468255,361170185369,0,VL
V0678,Phạm Mạnh,Phong,TRUE,1999-04-24 0:00:00,pmphong@gmail.com,168951332,34679708146,3000000,VL
V0679,Phạm Bạch,Minh,TRUE,1999-04-26 0:00:00,pbminh@gmail.com,168447385,160067722343,0,VL
V0680,Thái Bạch,Phương,FALSE,1999-02-21 0:00:00,tbphuong@gmail.com,987422280,146609464494,1000000,VL
V0681,Thái Văn Minh,Hiệu,TRUE,1999-05-23 0:00:00,tvmhieu@gmail.com,987178085,656467247951,2000000,VL
V0682,Trần Văn Minh,Bảo,TRUE,1999-02-04 0:00:00,tvmbao@gmail.com,987937696,669177771179,3000000,VL
V0683,Cao Nam,Mẫn,TRUE,1999-06-23 0:00:00,cnman@gmail.com,987607898,761654322197,1000000,VL
V0684,Mã Văn Minh,Bảo,TRUE,1999-07-16 0:00:00,mvmbao@gmail.com,913792686,166505053521,1000000,VL
V0685,Mã Nam,Sinh,TRUE,1999-08-22 0:00:00,mnsinh@gmail.com,913136855,665228189823,3000000,VL
V0686,Phạm Vĩnh,Phong,TRUE,1999-08-05 0:00:00,pvphong@gmail.com,913277855,941354633623,0,VL
V0687,Khương Ngọc,Mỹ,FALSE,1999-10-20 0:00:00,knmy@gmail.com,987205473,41225753027,1000000,VL
V0688,Lâm Văn Minh,Thiệu,TRUE,1999-11-10 0:00:00,lvmthieu@gmail.com,913758051,956285566479,0,VL
V0689,Vương Nam,Tuấn,TRUE,1999-01-07 0:00:00,vntuan@gmail.com,987863713,529476657405,1000000,VL
V0690,Văn Phú,Ngân,TRUE,1999-08-13 0:00:00,vpngan@gmail.com,913962186,396333676553,1000000,VL
V0691,Trần Nam,Dũng,TRUE,1999-04-12 0:00:00,tndung@gmail.com,987166798,793615041259,1000000,VL
V0692,Bạch Thảo,Trang,FALSE,1999-04-12 0:00:00,bttrang@gmail.com,168143824,661548945634,1000000,VL
V0693,Lê Bạch,Thanh,TRUE,1999-06-27 0:00:00,lbthanh@gmail.com,987632516,955446617646,0,VL
V0694,Văn Văn Minh,Thiện,TRUE,1999-07-23 0:00:00,vvmthien@gmail.com,168256269,529181611386,0,VL
V0695,Bạch Văn Minh,Tuấn,TRUE,1999-11-13 0:00:00,bvmtuan@gmail.com,913172422,281451497126,0,VL
V0696,Đàm Bạch,Ngọc,TRUE,1999-12-19 0:00:00,dbngoc@gmail.com,913775145,421930157875,1000000,VL
V0697,Lâm Văn Minh,Hòa,TRUE,1999-01-13 0:00:00,lvmhoa@gmail.com,913244418,551711288281,0,VL
V0698,Lý Thị,Loan,FALSE,1999-05-16 0:00:00,ltloan@gmail.com,987649380,461833626232,2000000,VL
V0699,Lê Vĩnh,Hòa,TRUE,1999-06-12 0:00:00,lvhoa@gmail.com,168737918,139811131045,0,VL
V0700,Cao Thảo,Ly,FALSE,1999-11-06 0:00:00,ctly@gmail.com,168435083,830725613394,3000000,VL
V0701,Thái Thị Thanh,Nga,FALSE,1999-06-29 0:00:00,tttnga@gmail.com,913964907,369642708429,0,VL
V0702,Đặng Ngọc,Phương,FALSE,1999-11-09 0:00:00,dnphuong@gmail.com,168391113,451055456386,1000000,VL
V0703,Mã Văn Minh,Thiện,TRUE,1999-02-03 0:00:00,mvmthien@gmail.com,913486618,847328272354,3000000,VL
V0704,Văn Văn Minh,Huy,TRUE,1999-11-05 0:00:00,vvmhuy@gmail.com,168986806,113852686429,1000000,VL
V0705,Lê Thanh,Tâm,TRUE,1999-11-04 0:00:00,lttam@gmail.com,913931935,154334638472,0,VL
V0706,Khương Mạnh,Hiệu,TRUE,1999-02-04 0:00:00,kmhieu@gmail.com,913754170,305879418614,3000000,VL
V0707,Đinh Thị,Đào,FALSE,1999-07-15 0:00:00,dtdao@gmail.com,913846092,349281471443,3000000,VL
V0708,Khương Thị Thảo,Nhung,FALSE,1999-07-29 0:00:00,kttnhung@gmail.com,168988291,791413832564,2000000,VL
V0709,Vương Văn Minh,Hiệu,TRUE,1999-09-06 0:00:00,vvmhieu@gmail.com,168783623,41381724218,0,VL
V0710,Hoàng Vĩnh,Hiệu,TRUE,1999-08-26 0:00:00,hvhieu@gmail.com,913319691,184526216515,0,VL
V0711,Khương Thảo,Trang,FALSE,1999-01-19 0:00:00,kttrang@gmail.com,913527131,627393248386,3000000,VL
V0712,Thái Thị Thanh,Nhung,FALSE,1999-02-13 0:00:00,tttnhung@gmail.com,168544122,420331635184,1000000,VL
V0713,Văn Thị,Hạnh,FALSE,1999-06-17 0:00:00,vthanh@gmail.com,913325482,196087419097,0,VL
V0714,Cao Phú,Ngân,FALSE,1999-10-01 0:00:00,cpngan@gmail.com,168684574,184258839727,0,VL
V0715,Khương Vĩnh,Phong,TRUE,1999-03-22 0:00:00,kvphong@gmail.com,168568182,527664959315,3000000,VL
V0716,Lâm Vĩnh,Hòa,TRUE,1999-02-20 0:00:00,lvhoa@gmail.com,987251645,81295438506,0,VL
V0717,Khương Thị,Đào,FALSE,1999-09-03 0:00:00,ktdao@gmail.com,987168559,326542803823,1000000,VL
V0718,Hoàng Thị Thanh,Hương,FALSE,1999-09-24 0:00:00,htthuong@gmail.com,168152144,672725622181,0,VL
V0719,Phạm Nam,Sinh,TRUE,1999-02-04 0:00:00,pnsinh@gmail.com,987781745,579153764439,2000000,VL
V0720,Phạm Phú,Phương,TRUE,1999-08-14 0:00:00,ppphuong@gmail.com,168027172,344655347644,1000000,VL
V0721,Văn Thị Thanh,Nhung,FALSE,1999-06-10 0:00:00,vttnhung@gmail.com,987311317,754732273203,3000000,VL
V0722,Đặng Vĩnh,Thiệu,TRUE,1999-05-30 0:00:00,dvthieu@gmail.com,913221479,342026496685,3000000,VL
V0723,Mã Mạnh,Mẫn,TRUE,1999-08-26 0:00:00,mmman@gmail.com,987621792,264879756186,0,VL
V0724,Thái Vĩnh,Phong,TRUE,1999-09-28 0:00:00,tvphong@gmail.com,913502736,421235644416,0,VL
V0725,Thái Thị Thanh,Nga,FALSE,1999-07-04 0:00:00,tttnga@gmail.com,168385697,674325281814,2000000,VL
V0726,Lê Thảo,Ly,FALSE,1999-11-27 0:00:00,ltly@gmail.com,913819366,287488136997,3000000,VL
V0727,Hoàng Vĩnh,Sinh,TRUE,1999-06-15 0:00:00,hvsinh@gmail.com,168227281,953466828225,0,VL
V0728,Nguyễn Văn Minh,Sinh,TRUE,1999-11-21 0:00:00,nvmsinh@gmail.com,987778291,515327122783,3000000,VL
V0729,Phạm Thị,Loan,FALSE,1999-01-29 0:00:00,ptloan@gmail.com,168868103,828684152449,2000000,VL
V0730,Cao Vĩnh,Bảo,TRUE,1999-10-27 0:00:00,cvbao@gmail.com,987894651,976672661141,3000000,VL
V0731,Vương Vĩnh,Mẫn,TRUE,1999-07-06 0:00:00,vvman@gmail.com,168877015,213346235263,0,VL
V0732,Hoàng Minh,Ngọc,FALSE,1999-07-08 0:00:00,hmngoc@gmail.com,913011395,847008244798,1000000,VL
V0733,Bạch Văn,Thăng,TRUE,1999-05-29 0:00:00,bvthang@gmail.com,168118262,632412502243,0,VL
V0734,Cao Văn Minh,Thiệu,TRUE,1999-11-21 0:00:00,cvmthieu@gmail.com,987667368,975587348889,2000000,VL
V0735,Lâm Minh,Mỹ,TRUE,1999-05-02 0:00:00,lmmy@gmail.com,913987771,951422873134,0,VL
V0736,Lê Thị,Lan,FALSE,1999-03-23 0:00:00,ltlan@gmail.com,987384382,175095446850,3000000,VL
V0737,Đinh Thị,Trúc,FALSE,1999-03-16 0:00:00,dttruc@gmail.com,168028643,746195421351,2000000,VL
V0738,Cao Nam,Bảo,TRUE,1999-09-07 0:00:00,cnbao@gmail.com,913482327,893535830976,3000000,VL
V0739,Lý Thị Thảo,Hoa,FALSE,1999-06-18 0:00:00,ltthoa@gmail.com,987685421,107151552122,1000000,VL
V0740,Bạch Phương,Phương,FALSE,1999-06-10 0:00:00,bpphuong@gmail.com,987283422,260797157499,2000000,VL
V0741,Đàm Ngọc,Tâm,FALSE,1999-09-27 0:00:00,dntam@gmail.com,987353219,348167680663,0,VL
V0742,Hoàng Bạch,Mỹ,TRUE,1999-02-21 0:00:00,hbmy@gmail.com,913118480,729735634683,2000000,VL
V0743,Trần Phú,Tâm,TRUE,1999-05-02 0:00:00,tptam@gmail.com,168423186,436683952804,0,VL
V0744,Phạm Thị Thanh,Nga,FALSE,1999-03-25 0:00:00,pttnga@gmail.com,913915218,198246501322,1000000,VL
V0745,Văn Vĩnh,Kiệt,TRUE,1999-01-02 0:00:00,vvkiet@gmail.com,913791546,814365656601,2000000,VL
V0746,Bạch Thị Thảo,Đào,FALSE,1999-04-21 0:00:00,bttdao@gmail.com,913394827,675514530992,3000000,VL
V0747,Mã Phú,Tâm,TRUE,1999-08-25 0:00:00,mptam@gmail.com,168643676,335571036603,3000000,VL
V0748,Lê Nam,Trọng,TRUE,1999-02-13 0:00:00,lntrong@gmail.com,168183367,811596279068,1000000,VL
V0749,Hoàng Thảo,Lan,FALSE,1999-03-03 0:00:00,htlan@gmail.com,987652634,110411066231,1000000,VL
V0750,Phạm Mạnh,Sang,TRUE,1999-05-03 0:00:00,pmsang@gmail.com,913686609,252031104262,2000000,VL
V0751,Lê Thị Thanh,Ly,FALSE,1999-08-13 0:00:00,lttly@gmail.com,913833191,637397111755,3000000,VL
V0752,Đặng Văn Minh,Thiện,TRUE,1999-11-11 0:00:00,dvmthien@gmail.com,913617761,732782642488,2000000,VL
V0753,Văn Thị Thanh,Hương,FALSE,1999-11-07 0:00:00,vtthuong@gmail.com,913523792,412451613653,1000000,VL
V0754,Hoàng Văn,Thăng,TRUE,1999-05-28 0:00:00,hvthang@gmail.com,987676733,536764542110,1000000,VL
V0755,Phạm Văn Minh,Sang,TRUE,1999-08-11 0:00:00,pvmsang@gmail.com,168545669,232525762017,0,VL
V0756,Lê Thị Thanh,Hoa,FALSE,1999-12-29 0:00:00,ltthoa@gmail.com,987867389,155680516757,0,VL
V0757,Văn Nam,Kiệt,TRUE,1999-10-21 0:00:00,vnkiet@gmail.com,913726739,726274007443,1000000,VL
V0758,Vương Văn Minh,Thiệu,TRUE,1999-07-26 0:00:00,vvmthieu@gmail.com,168465017,287394136786,1000000,VL
V0759,Trần Minh,Thu,FALSE,1999-06-11 0:00:00,tmthu@gmail.com,913673563,688147282898,3000000,VL
V0760,Trần Văn Minh,Sang,TRUE,1999-10-10 0:00:00,tvmsang@gmail.com,987116278,810171168701,1000000,VL
V0761,Đặng Nam,Kiệt,TRUE,1999-08-04 0:00:00,dnkiet@gmail.com,913721215,829572440704,2000000,VL
V0762,Đàm Phú,Tâm,FALSE,1999-03-30 0:00:00,dptam@gmail.com,913669110,211123110821,2000000,VL
V0763,Đinh Văn Minh,Mẫn,TRUE,1999-10-26 0:00:00,dvmman@gmail.com,987372352,342164306753,2000000,VL
V0764,Lê Bạch,Ngân,FALSE,1999-09-10 0:00:00,lbngan@gmail.com,987414686,470845511550,2000000,VL
V0765,Đinh Nam,Lộc,TRUE,1999-11-09 0:00:00,dnloc@gmail.com,987818155,614252652498,3000000,VL
V0766,Khương Vĩnh,Thiện,TRUE,1999-07-05 0:00:00,kvthien@gmail.com,913357407,921514745111,0,VL
V0767,Lê Mạnh,Bảo,TRUE,1999-01-19 0:00:00,lmbao@gmail.com,913476722,703062988595,2000000,VL
V0768,Lâm Vĩnh,Hiệu,TRUE,1999-02-23 0:00:00,lvhieu@gmail.com,168685348,303786017479,0,VL
V0769,Lý Thị,Mai,FALSE,1999-04-13 0:00:00,ltmai@gmail.com,168128868,243417744405,0,VL
V0770,Lý Văn,Sinh,TRUE,1999-01-26 0:00:00,lvsinh@gmail.com,168927114,323878940570,3000000,VL
V0771,Đinh Thị,Mai,FALSE,1999-02-21 0:00:00,dtmai@gmail.com,987717784,371286890588,0,VL
V0772,Phạm Thị Thanh,Đào,FALSE,1999-02-14 0:00:00,pttdao@gmail.com,168479750,355494185480,1000000,VL
V0773,Đàm Văn Minh,Lộc,TRUE,1999-10-09 0:00:00,dvmloc@gmail.com,913652093,345459168576,1000000,VL
V0774,Vương Bạch,Thu,TRUE,1999-04-23 0:00:00,vbthu@gmail.com,168211868,616484308273,3000000,VL
V0775,Phạm Thảo,Nga,FALSE,1999-08-24 0:00:00,ptnga@gmail.com,168258408,391255058337,0,VL
V0776,Cao Vĩnh,Mẫn,TRUE,1999-02-18 0:00:00,cvman@gmail.com,168667451,545297324557,2000000,VL
V0777,Hoàng Văn Minh,Mẫn,TRUE,1999-01-10 0:00:00,hvmman@gmail.com,913120776,716434275627,0,VL
V0778,Cao Mạnh,Huy,TRUE,1999-07-27 0:00:00,cmhuy@gmail.com,987543769,864856421755,2000000,VL
V0779,Lý Thị,Đào,FALSE,1999-02-16 0:00:00,ltdao@gmail.com,168682711,217552366578,2000000,VL
V0780,Đặng Thảo,Trúc,FALSE,1999-07-21 0:00:00,dttruc@gmail.com,987323155,356022698552,2000000,VL
V0781,Nguyễn Minh,Phương,TRUE,1999-10-23 0:00:00,nmphuong@gmail.com,168837564,542277864893,3000000,VL
V0782,Lý Thị Thanh,Dung,FALSE,1999-08-06 0:00:00,lttdung@gmail.com,913646860,732404708426,3000000,VL
V0783,Đặng Văn Minh,Kiệt,TRUE,1999-02-04 0:00:00,dvmkiet@gmail.com,987562087,203282266391,3000000,VL
V0784,Đinh Văn,Hiệu,TRUE,1999-01-04 0:00:00,dvhieu@gmail.com,987422659,536343667086,1000000,VL
V0785,Đặng Phú,Thanh,FALSE,1999-06-17 0:00:00,dpthanh@gmail.com,913150105,962382975254,0,VL
V0786,Lâm Nam,Lộc,TRUE,1999-07-12 0:00:00,lnloc@gmail.com,987876816,250421883285,0,VL
V0787,Lê Nam,Sang,TRUE,1999-02-17 0:00:00,lnsang@gmail.com,168354815,839247155648,0,VL
V0788,Vương Thanh,Phương,TRUE,1999-10-04 0:00:00,vtphuong@gmail.com,168754547,817696186377,3000000,VL
V0789,Cao Ngọc,Tâm,FALSE,1999-02-16 0:00:00,cntam@gmail.com,168390938,12778683128,0,VL
V0790,Vương Vĩnh,Dũng,TRUE,1999-08-02 0:00:00,vvdung@gmail.com,168869641,177628725854,2000000,VL
V0791,Lý Thị Thanh,Lan,FALSE,1999-01-09 0:00:00,lttlan@gmail.com,913736062,706085770437,2000000,VL
V0792,Văn Thị,Nga,FALSE,1999-10-24 0:00:00,vtnga@gmail.com,987580677,916910454480,0,VL
V0793,Đàm Nam,Huy,TRUE,1999-11-24 0:00:00,dnhuy@gmail.com,168583426,37747225125,3000000,VL
V0794,Đinh Thị Thanh,Dung,FALSE,1999-03-02 0:00:00,dttdung@gmail.com,987535817,862321557580,2000000,VL
V0795,Lê Thảo,Đào,FALSE,1999-09-07 0:00:00,ltdao@gmail.com,913523150,224633269837,3000000,VL
V0796,Phạm Thanh,Mỹ,TRUE,1999-03-05 0:00:00,ptmy@gmail.com,987269881,927703582648,0,VL
V0797,Phạm Mạnh,Phong,TRUE,1999-09-06 0:00:00,pmphong@gmail.com,168720187,28606147723,2000000,VL
V0798,Lê Thị Thanh,Ly,FALSE,1999-05-20 0:00:00,lttly@gmail.com,168315361,715351688611,2000000,VL
V0799,Thái Nam,Tuấn,TRUE,1999-03-07 0:00:00,tntuan@gmail.com,913950748,166625619025,1000000,VL
V0800,Đinh Văn Minh,Thiệu,TRUE,1999-04-10 0:00:00,dvmthieu@gmail.com,987881211,473759329970,3000000,VL
V0801,Lý Nam,Hiệu,TRUE,1999-09-11 0:00:00,lnhieu@gmail.com,987511308,646778140266,1000000,VL
V0802,Bạch Văn Minh,Tuấn,TRUE,1999-11-29 0:00:00,bvmtuan@gmail.com,987287373,177162965123,1000000,VL
V0803,Lâm Nam,Dũng,TRUE,1999-07-09 0:00:00,lndung@gmail.com,987894644,431635846437,0,VL
V0804,Mã Thanh,Thu,FALSE,1999-03-23 0:00:00,mtthu@gmail.com,168077764,441438272178,1000000,VL
V0805,Lê Minh,Mỹ,FALSE,1999-08-10 0:00:00,lmmy@gmail.com,987702846,966965235251,0,VL
V0806,Đàm Thanh,Phương,TRUE,1999-06-01 0:00:00,dtphuong@gmail.com,913423513,405277607571,2000000,VL
V0807,Cao Vĩnh,Phong,TRUE,1999-10-28 0:00:00,cvphong@gmail.com,913542214,760662673646,0,VL
V0808,Khương Vĩnh,Huy,TRUE,1999-04-30 0:00:00,kvhuy@gmail.com,913122480,210928825992,0,VL
V0809,Phạm Phú,Tâm,TRUE,1999-06-19 0:00:00,pptam@gmail.com,913612732,914206818699,2000000,VL
V0810,Đinh Vĩnh,Huy,TRUE,1999-06-09 0:00:00,dvhuy@gmail.com,987683822,224456144033,3000000,VL
V0811,Đinh Minh,Thu,TRUE,1999-07-28 0:00:00,dmthu@gmail.com,168457855,332477312194,2000000,VL
V0812,Thái Văn,Phong,TRUE,1999-09-14 0:00:00,tvphong@gmail.com,168423843,686660225415,2000000,VL
V0813,Khương Nam,Tuấn,TRUE,1999-08-12 0:00:00,kntuan@gmail.com,987052443,963506872419,0,VL
V0814,Lâm Nam,Thiệu,TRUE,1999-07-15 0:00:00,lnthieu@gmail.com,987241210,823381760528,0,VL
V0815,Thái Nam,Mẫn,TRUE,1999-10-15 0:00:00,tnman@gmail.com,987884502,382713582343,0,VL
V0816,Lâm Văn Minh,Thiện,TRUE,1999-01-13 0:00:00,lvmthien@gmail.com,913436761,777238567323,1000000,VL
V0817,Cao Vĩnh,Mẫn,TRUE,1999-09-23 0:00:00,cvman@gmail.com,168802825,759581100882,1000000,VL
V0818,Đàm Thảo,Hạnh,FALSE,1999-09-19 0:00:00,dthanh@gmail.com,168534506,161423967841,0,VL
V0819,Văn Nam,Vỹ,TRUE,1999-03-03 0:00:00,vnvy@gmail.com,987438372,637240687016,1000000,VL
V0820,Vương Phú,Ngân,FALSE,1999-01-21 0:00:00,vpngan@gmail.com,913532156,627642833744,3000000,VL
V0821,Bạch Thảo,Thúy,FALSE,1999-08-23 0:00:00,btthuy@gmail.com,913265222,676618855134,3000000,VL
V0822,Vương Bạch,Mỹ,TRUE,1999-10-15 0:00:00,vbmy@gmail.com,913921265,467117246312,2000000,VL
V0823,Lâm Vĩnh,Hòa,TRUE,1999-02-19 0:00:00,lvhoa@gmail.com,168512238,424878402729,3000000,VL
V0824,Lâm Phú,Thu,TRUE,1999-11-28 0:00:00,lpthu@gmail.com,987888280,292127587522,3000000,VL
V0825,Hoàng Thị Thanh,Thúy,FALSE,1999-10-09 0:00:00,httthuy@gmail.com,168313846,844179382973,0,VL
V0826,Đàm Văn Minh,Lộc,TRUE,1999-10-09 0:00:00,dvmloc@gmail.com,168262680,248670604546,0,VL
V0827,Đặng Thị Thanh,Mai,FALSE,1999-12-17 0:00:00,dttmai@gmail.com,168886895,728216565566,1000000,VL
V0828,Đặng Thanh,Tâm,TRUE,1999-07-07 0:00:00,dttam@gmail.com,913851541,78519599539,1000000,VL
V0829,Phạm Thảo,Hạnh,FALSE,1999-01-02 0:00:00,pthanh@gmail.com,987226855,446592421371,0,VL
V0830,Văn Thảo,Nhung,FALSE,1999-05-26 0:00:00,vtnhung@gmail.com,168762818,221548618615,1000000,VL
V0831,Lê Vĩnh,Dũng,TRUE,1999-07-05 0:00:00,lvdung@gmail.com,913841405,512690978828,2000000,VL
V0832,Mã Thị Thanh,Loan,FALSE,1999-04-09 0:00:00,mttloan@gmail.com,913867284,885033740365,2000000,VL
V0833,Trần Phú,Minh,FALSE,1999-05-24 0:00:00,tpminh@gmail.com,168861731,190672558617,2000000,VL
V0834,Đinh Văn Minh,Vỹ,TRUE,1999-07-30 0:00:00,dvmvy@gmail.com,913678968,385631461238,1000000,VL
V0835,Đàm Thảo,Nhung,FALSE,1999-11-08 0:00:00,dtnhung@gmail.com,987391639,589086172700,3000000,VL
V0836,Đặng Thị Thanh,Nhung,FALSE,1999-12-08 0:00:00,dttnhung@gmail.com,168947856,150415534898,3000000,VL
V0837,Bạch Nam,Thiện,TRUE,1999-08-12 0:00:00,bnthien@gmail.com,168327772,987491553833,1000000,VL
V0838,Khương Phú,Ngân,FALSE,1999-02-15 0:00:00,kpngan@gmail.com,168884364,325467976656,3000000,VL
V0839,Thái Văn Minh,Thiệu,TRUE,1999-11-27 0:00:00,tvmthieu@gmail.com,913213386,618111565109,1000000,VL
V0840,Đàm Mạnh,Tuấn,TRUE,1999-05-18 0:00:00,dmtuan@gmail.com,168977242,372127658174,3000000,VL
V0841,Bạch Nam,Thiện,TRUE,1999-08-27 0:00:00,bnthien@gmail.com,168452836,593105406808,3000000,VL
V0842,Văn Nam,Thiện,TRUE,1999-11-03 0:00:00,vnthien@gmail.com,913253304,351893387139,1000000,VL
V0843,Văn Vĩnh,Phong,TRUE,1999-03-20 0:00:00,vvphong@gmail.com,913653461,279838567777,3000000,VL
V0844,Vương Văn,Thiện,TRUE,1999-08-08 0:00:00,vvthien@gmail.com,913876543,845340577853,0,VL
V0845,Đặng Thị Thanh,Nhung,FALSE,1999-07-04 0:00:00,dttnhung@gmail.com,168378850,681663259911,3000000,VL
V0846,Lê Văn,Lộc,TRUE,1999-10-31 0:00:00,lvloc@gmail.com,913128685,658180634180,3000000,VL
V0847,Cao Thanh,Tâm,FALSE,1999-10-28 0:00:00,cttam@gmail.com,168875206,136787402987,0,VL
V0848,Khương Văn Minh,Dũng,TRUE,1999-02-23 0:00:00,kvmdung@gmail.com,913107397,767923476328,0,VL
V0849,Văn Thị Thanh,Lan,FALSE,1999-03-29 0:00:00,vttlan@gmail.com,168174444,516423864531,2000000,VL
V0850,Lý Phú,Thanh,FALSE,1999-02-26 0:00:00,lpthanh@gmail.com,913513475,918510689330,0,VL
V0851,Lâm Thị Thanh,Ly,FALSE,1999-04-11 0:00:00,lttly@gmail.com,987114674,235722779276,1000000,VL
V0852,Lê Văn Minh,Dũng,TRUE,1999-11-29 0:00:00,lvmdung@gmail.com,168125412,371660561490,0,VL
V0853,Đinh Nam,Vỹ,TRUE,1999-04-22 0:00:00,dnvy@gmail.com,987743084,167655819351,3000000,VL
V0854,Cao Văn,Kiệt,TRUE,1999-08-25 0:00:00,cvkiet@gmail.com,987466256,453237773347,2000000,VL
V0855,Mã Nam,Thăng,TRUE,1999-08-02 0:00:00,mnthang@gmail.com,168486825,724666371378,2000000,VL
V0856,Văn Mạnh,Dũng,TRUE,1999-09-02 0:00:00,vmdung@gmail.com,987225096,154877987083,2000000,VL
V0857,Thái Bạch,Phương,TRUE,1999-10-12 0:00:00,tbphuong@gmail.com,987898638,194287311544,3000000,VL
V0858,Thái Thị Thảo,Thúy,FALSE,1999-03-11 0:00:00,tttthuy@gmail.com,913668071,53808277081,1000000,VL
V0859,Đàm Văn Minh,Hiệu,TRUE,1999-05-18 0:00:00,dvmhieu@gmail.com,987194887,89276874831,1000000,VL
V0860,Nguyễn Thảo,Đào,FALSE,1999-01-02 0:00:00,ntdao@gmail.com,987962655,501251219292,3000000,VL
V0861,Trần Thảo,Dung,FALSE,1999-02-26 0:00:00,ttdung@gmail.com,913823838,644418230322,3000000,VL
V0862,Phạm Văn Minh,Trọng,TRUE,1999-04-18 0:00:00,pvmtrong@gmail.com,987222541,673839671924,0,VL
V0863,Khương Văn Minh,Huy,TRUE,1999-10-07 0:00:00,kvmhuy@gmail.com,168831637,303748734614,1000000,VL
V0864,Đinh Vĩnh,Kiệt,TRUE,1999-04-10 0:00:00,dvkiet@gmail.com,987755583,204275836863,3000000,VL
V0865,Lâm Minh,Thanh,TRUE,1999-12-28 0:00:00,lmthanh@gmail.com,168388516,453681186695,2000000,VL
V0866,Đặng Thảo,Đào,FALSE,1999-11-02 0:00:00,dtdao@gmail.com,168523669,371361215553,0,VL
V0867,Bạch Vĩnh,Sang,TRUE,1999-07-23 0:00:00,bvsang@gmail.com,168119383,467317926162,3000000,VL
V0868,Lê Thị Thảo,Trúc,FALSE,1999-02-05 0:00:00,ltttruc@gmail.com,987991350,268863750675,2000000,VL
V0869,Đàm Thị Thanh,Hoa,FALSE,1999-10-09 0:00:00,dtthoa@gmail.com,987633898,62229847867,3000000,VL
V0870,Khương Thảo,Ly,FALSE,1999-08-14 0:00:00,ktly@gmail.com,987427333,540882845818,2000000,VL
V0871,Nguyễn Văn Minh,Huy,TRUE,1999-08-13 0:00:00,nvmhuy@gmail.com,913521524,57149733526,2000000,VL
V0872,Bạch Minh,Phương,FALSE,1999-07-19 0:00:00,bmphuong@gmail.com,913546274,885840377493,2000000,VL
V0873,Khương Thị Thảo,Dung,FALSE,1999-04-04 0:00:00,kttdung@gmail.com,913290195,472321568123,3000000,VL
V0874,Lâm Thị Thanh,Nga,FALSE,1999-09-25 0:00:00,lttnga@gmail.com,168640337,872808686253,3000000,VL
V0875,Lâm Thị Thảo,Trang,FALSE,1999-07-14 0:00:00,ltttrang@gmail.com,987311360,182772098756,2000000,VL
V0876,Đinh Thị Thanh,Nga,FALSE,1999-11-28 0:00:00,dttnga@gmail.com,913144165,652365982157,1000000,VL
V0877,Cao Thị Thanh,Thúy,FALSE,1999-11-07 0:00:00,cttthuy@gmail.com,168326645,697581671616,3000000,VL
V0878,Nguyễn Nam,Sinh,TRUE,1999-09-28 0:00:00,nnsinh@gmail.com,913782731,793857223128,3000000,VL
V0879,Khương Thảo,Đào,FALSE,1999-08-07 0:00:00,ktdao@gmail.com,168611694,454122224763,1000000,VL
V0880,Phạm Mạnh,Trọng,TRUE,1999-05-13 0:00:00,pmtrong@gmail.com,168061514,858065126273,3000000,VL
V0881,Hoàng Thị Thanh,Hương,FALSE,1999-01-17 0:00:00,htthuong@gmail.com,987454575,519645355545,3000000,VL
V0882,Lê Thảo,Ly,FALSE,1999-06-27 0:00:00,ltly@gmail.com,913673413,318424635533,3000000,VL
V0883,Vương Minh,Phương,TRUE,1999-06-21 0:00:00,vmphuong@gmail.com,168233422,18272517484,1000000,VL
V0884,Trần Ngọc,Mỹ,TRUE,1999-07-06 0:00:00,tnmy@gmail.com,168213713,204631742196,3000000,VL
V0885,Lâm Thị Thảo,Hương,FALSE,1999-04-02 0:00:00,ltthuong@gmail.com,987216232,857364985451,2000000,VL
V0886,Hoàng Ngọc,Phương,TRUE,1999-02-15 0:00:00,hnphuong@gmail.com,987678763,646788259479,1000000,VL
V0887,Nguyễn Thị Thảo,Trang,FALSE,1999-10-03 0:00:00,ntttrang@gmail.com,987784134,145373361878,3000000,VL
V0888,Khương Thảo,Loan,FALSE,1999-06-06 0:00:00,ktloan@gmail.com,168105263,898264124878,0,VL
V0889,Thái Văn,Huy,TRUE,1999-11-22 0:00:00,tvhuy@gmail.com,168850294,228338140551,0,VL
V0890,Lý Bạch,Thu,TRUE,1999-08-02 0:00:00,lbthu@gmail.com,987265217,613454108842,1000000,VL
V0891,Trần Văn Minh,Hòa,TRUE,1999-12-18 0:00:00,tvmhoa@gmail.com,987662343,610858352705,2000000,VL
V0892,Đặng Minh,Minh,FALSE,1999-06-29 0:00:00,dmminh@gmail.com,987731184,734759756305,0,VL
V0893,Vương Thảo,Dung,FALSE,1999-04-14 0:00:00,vtdung@gmail.com,913472119,371836218595,2000000,VL
V0894,Đặng Thảo,Nga,FALSE,1999-06-03 0:00:00,dtnga@gmail.com,168492564,883385905522,1000000,VL
V0895,Thái Thị Thanh,Trúc,FALSE,1999-08-19 0:00:00,ttttruc@gmail.com,168744481,163062485658,1000000,VL
V0896,Mã Nam,Dũng,TRUE,1999-11-01 0:00:00,mndung@gmail.com,913446485,252392484989,2000000,VL
V0897,Văn Nam,Kiệt,TRUE,1999-07-09 0:00:00,vnkiet@gmail.com,913617384,498416018202,3000000,VL
V0898,Bạch Nam,Hiệu,TRUE,1999-08-22 0:00:00,bnhieu@gmail.com,987845354,882335228444,3000000,VL
V0899,Đinh Văn Minh,Tuấn,TRUE,1999-07-09 0:00:00,dvmtuan@gmail.com,168603989,600705108218,2000000,VL
V0900,Vương Phú,Thu,FALSE,1999-08-01 0:00:00,vpthu@gmail.com,168344878,874583779574,2000000,VL
V0901,Lý Thảo,Nhung,FALSE,1999-02-22 0:00:00,ltnhung@gmail.com,987647625,263760968063,3000000,VL
V0902,Lâm Thị Thảo,Hoa,FALSE,1999-02-09 0:00:00,ltthoa@gmail.com,168227921,611248676848,3000000,VL
V0903,Phạm Thị Thanh,Trang,FALSE,1999-12-21 0:00:00,ptttrang@gmail.com,913627365,143145738474,0,VL
V0904,Khương Ngọc,Minh,FALSE,1999-06-30 0:00:00,knminh@gmail.com,168467058,245183285942,0,VL
V0905,Lý Nam,Vỹ,TRUE,1999-10-21 0:00:00,lnvy@gmail.com,913344825,803625771987,2000000,VL
V0906,Văn Văn Minh,Mẫn,TRUE,1999-10-05 0:00:00,vvmman@gmail.com,168794143,228427448832,1000000,VL
V0907,Bạch Thị Thảo,Trang,FALSE,1999-05-09 0:00:00,btttrang@gmail.com,168517314,134078416148,2000000,VL
V0908,Lý Thảo,Hoa,FALSE,1999-06-13 0:00:00,lthoa@gmail.com,987856775,443151881425,3000000,VL
V0909,Lâm Văn,Vỹ,TRUE,1999-09-27 0:00:00,lvvy@gmail.com,987731346,24123753542,0,VL
V0910,Văn Phương,Thu,FALSE,1999-02-28 0:00:00,vpthu@gmail.com,913113067,960605769935,0,VL
V0911,Hoàng Vĩnh,Mẫn,TRUE,1999-05-11 0:00:00,hvman@gmail.com,168726913,663340489757,3000000,VL
V0912,Nguyễn Thảo,Nhung,FALSE,1999-05-05 0:00:00,ntnhung@gmail.com,913424871,499927487688,3000000,VL
V0913,Cao Vĩnh,Bảo,TRUE,1999-06-10 0:00:00,cvbao@gmail.com,987826885,121282430115,3000000,VL
V0914,Vương Vĩnh,Bảo,TRUE,1999-07-30 0:00:00,vvbao@gmail.com,913662153,643275668728,3000000,VL
V0915,Trần Vĩnh,Dũng,TRUE,1999-07-17 0:00:00,tvdung@gmail.com,168416073,627030825826,0,VL
V0916,Thái Mạnh,Lộc,TRUE,1999-08-23 0:00:00,tmloc@gmail.com,987841141,785051748670,0,VL
V0917,Hoàng Thị Thanh,Mai,FALSE,1999-04-18 0:00:00,httmai@gmail.com,987567066,603167030770,2000000,VL
V0918,Trần Thảo,Loan,FALSE,1999-09-25 0:00:00,ttloan@gmail.com,168306874,441648667278,3000000,VL
V0919,Trần Văn Minh,Thăng,TRUE,1999-09-06 0:00:00,tvmthang@gmail.com,168522882,94339572848,3000000,VL
V0920,Cao Văn Minh,Sinh,TRUE,1999-04-20 0:00:00,cvmsinh@gmail.com,168348328,755695694678,0,VL
V0921,Lê Thanh,Phương,FALSE,1999-11-25 0:00:00,ltphuong@gmail.com,168235335,235732666211,3000000,VL
V0922,Lê Minh,Tâm,TRUE,1999-02-11 0:00:00,lmtam@gmail.com,168438585,673823507423,1000000,VL
V0923,Nguyễn Ngọc,Thanh,TRUE,1999-07-03 0:00:00,nnthanh@gmail.com,913683645,256669848875,2000000,VL
V0924,Trần Thanh,Minh,FALSE,1999-11-21 0:00:00,ttminh@gmail.com,168262243,895177490647,3000000,VL
V0925,Đinh Thị,Nga,FALSE,1999-03-06 0:00:00,dtnga@gmail.com,987139661,562734181742,1000000,VL
V0926,Vương Thảo,Nga,FALSE,1999-09-27 0:00:00,vtnga@gmail.com,168920734,922351042637,3000000,VL
V0927,Lâm Thảo,Đào,FALSE,1999-07-17 0:00:00,ltdao@gmail.com,987556345,190961885985,1000000,VL
V0928,Phạm Văn,Dũng,TRUE,1999-04-01 0:00:00,pvdung@gmail.com,168252837,186481185979,2000000,VL
V0929,Khương Vĩnh,Mẫn,TRUE,1999-09-16 0:00:00,kvman@gmail.com,913747463,508596662291,2000000,VL
V0930,Lâm Vĩnh,Thiện,TRUE,1999-10-23 0:00:00,lvthien@gmail.com,987731194,705333825440,1000000,VL
V0931,Lâm Ngọc,Thanh,FALSE,1999-09-16 0:00:00,lnthanh@gmail.com,987414497,718155229516,2000000,VL
V0932,Lâm Thảo,Đào,FALSE,1999-10-18 0:00:00,ltdao@gmail.com,168846711,589334623754,3000000,VL
V0933,Lý Vĩnh,Tuấn,TRUE,1999-08-16 0:00:00,lvtuan@gmail.com,913513493,982623491108,0,VL
V0934,Bạch Minh,Minh,FALSE,1999-02-17 0:00:00,bmminh@gmail.com,987301841,758579434646,2000000,VL
V0935,Bạch Nam,Lộc,TRUE,1999-12-10 0:00:00,bnloc@gmail.com,913317773,824374681093,2000000,VL
V0936,Hoàng Thị Thảo,Hoa,FALSE,1999-03-10 0:00:00,htthoa@gmail.com,987137145,711208204914,1000000,VL
V0937,Văn Thị Thanh,Đào,FALSE,1999-07-04 0:00:00,vttdao@gmail.com,168168270,767003625184,3000000,VL
V0938,Trần Thanh,Mỹ,TRUE,1999-08-13 0:00:00,ttmy@gmail.com,987918983,160010287761,0,VL
V0939,Cao Nam,Phong,TRUE,1999-11-23 0:00:00,cnphong@gmail.com,168121214,419940564175,1000000,VL
V0940,Trần Nam,Thiệu,TRUE,1999-03-15 0:00:00,tnthieu@gmail.com,987538257,562325054327,0,VL
V0941,Bạch Thanh,Phương,TRUE,1999-10-28 0:00:00,btphuong@gmail.com,987044766,892719895967,3000000,VL
V0942,Phạm Văn Minh,Vỹ,TRUE,1999-04-21 0:00:00,pvmvy@gmail.com,913516827,292282566466,1000000,VL
V0943,Đàm Văn,Hòa,TRUE,1999-12-15 0:00:00,dvhoa@gmail.com,168514082,261421282638,0,VL
V0944,Lý Thảo,Nhung,FALSE,1999-10-30 0:00:00,ltnhung@gmail.com,913133143,653123532430,0,VL
V0945,Đặng Thị,Trúc,FALSE,1999-02-16 0:00:00,dttruc@gmail.com,168759533,560335577847,1000000,VL
V0946,Lý Thanh,Phương,TRUE,1999-11-28 0:00:00,ltphuong@gmail.com,913784408,753454925005,2000000,VL
V0947,Phạm Thanh,Ngân,FALSE,1999-09-01 0:00:00,ptngan@gmail.com,168368388,760277315137,2000000,VL
V0948,Hoàng Phương,Tâm,FALSE,1999-07-10 0:00:00,hptam@gmail.com,168324992,186511746758,0,VL
V0949,Nguyễn Văn Minh,Sang,TRUE,1999-09-13 0:00:00,nvmsang@gmail.com,913413607,512565534876,3000000,VL
V0950,Lê Thảo,Loan,FALSE,1999-08-11 0:00:00,ltloan@gmail.com,168345788,345618543841,1000000,VL
V0951,Lê Văn,Thiện,TRUE,1999-01-09 0:00:00,lvthien@gmail.com,913835830,123687416367,0,VL
V0952,Thái Mạnh,Trọng,TRUE,1999-10-07 0:00:00,tmtrong@gmail.com,168498748,287985740432,3000000,VL
V0953,Khương Văn Minh,Sinh,TRUE,1999-08-02 0:00:00,kvmsinh@gmail.com,168954373,880376125714,2000000,VL
V0954,Vương Thảo,Trang,FALSE,1999-05-18 0:00:00,vttrang@gmail.com,987462497,756557391541,1000000,VL
V0955,Thái Vĩnh,Sinh,TRUE,1999-07-31 0:00:00,tvsinh@gmail.com,168351852,382654356435,0,VL
V0956,Lê Phú,Ngọc,FALSE,1999-09-29 0:00:00,lpngoc@gmail.com,913191869,160241658986,0,VL
V0957,Thái Thảo,Trang,FALSE,1999-04-07 0:00:00,tttrang@gmail.com,987760551,239758181575,2000000,VL
V0958,Hoàng Thảo,Hoa,FALSE,1999-11-16 0:00:00,hthoa@gmail.com,168968220,466138268252,1000000,VL
V0959,Lý Thảo,Trang,FALSE,1999-06-13 0:00:00,lttrang@gmail.com,987227032,661791076315,2000000,VL
V0960,Khương Văn Minh,Sang,TRUE,1999-04-26 0:00:00,kvmsang@gmail.com,913676643,841213388641,2000000,VL
V0961,Phạm Phương,Tâm,TRUE,1999-08-16 0:00:00,pptam@gmail.com,168485173,348855883134,0,VL
V0962,Lý Thị Thảo,Hương,FALSE,1999-11-05 0:00:00,ltthuong@gmail.com,987229675,622476272727,0,VL
V0963,Hoàng Văn,Tân,TRUE,1999-11-21 0:00:00,hvtan@gmail.com,168724620,587809343511,3000000,VL
V0964,Đặng Minh,Thanh,FALSE,1999-02-12 0:00:00,dmthanh@gmail.com,168758311,163547814512,1000000,VL
V0965,Đặng Thảo,Nga,FALSE,1999-08-09 0:00:00,dtnga@gmail.com,168740091,455196226704,2000000,VL
V0966,Văn Phú,Ngân,FALSE,1999-10-16 0:00:00,vpngan@gmail.com,987781306,984538134175,2000000,VL
V0967,Khương Nam,Mẫn,TRUE,1999-08-15 0:00:00,knman@gmail.com,168583764,109405550224,2000000,VL
V0968,Đinh Thị Thảo,Đào,FALSE,1999-05-08 0:00:00,dttdao@gmail.com,987894556,875044502327,3000000,VL
V0969,Lê Vĩnh,Hòa,TRUE,1999-06-11 0:00:00,lvhoa@gmail.com,987983651,417272153606,1000000,VL
V0970,Văn Thị Thảo,Thúy,FALSE,1999-04-20 0:00:00,vttthuy@gmail.com,168666897,880333667487,3000000,VL
V0971,Hoàng Vĩnh,Thiệu,TRUE,1999-09-11 0:00:00,hvthieu@gmail.com,168238238,783239225839,0,VL
V0972,Phạm Mạnh,Thiệu,TRUE,1999-02-26 0:00:00,pmthieu@gmail.com,168891145,275856148722,2000000,VL
V0973,Vương Nam,Lộc,TRUE,1999-02-09 0:00:00,vnloc@gmail.com,168205578,727465122547,2000000,VL
V0974,Thái Thị Thanh,Nga,FALSE,1999-02-13 0:00:00,tttnga@gmail.com,987324843,631116336413,0,VL
V0975,Đặng Thị Thảo,Lan,FALSE,1999-05-12 0:00:00,dttlan@gmail.com,913484189,179301013287,3000000,VL
V0976,Đinh Ngọc,Tâm,FALSE,1999-05-03 0:00:00,dntam@gmail.com,913163600,878347628405,3000000,VL
V0977,Lý Vĩnh,Thiệu,TRUE,1999-09-18 0:00:00,lvthieu@gmail.com,168115543,152123843247,2000000,VL
V0978,Mã Thảo,Hoa,FALSE,1999-07-07 0:00:00,mthoa@gmail.com,168227727,638541962769,3000000,VL
V0979,Đinh Văn Minh,Thiện,TRUE,1999-04-27 0:00:00,dvmthien@gmail.com,987560651,802140763782,1000000,VL
V0980,Bạch Thị Thanh,Nhung,FALSE,1999-10-12 0:00:00,bttnhung@gmail.com,987545685,312682212194,0,VL
V0981,Khương Văn,Thiệu,TRUE,1999-02-27 0:00:00,kvthieu@gmail.com,913200905,675452174598,3000000,VL
V0982,Văn Bạch,Tâm,TRUE,1999-05-05 0:00:00,vbtam@gmail.com,913330731,15324169436,3000000,VL
V0983,Lý Minh,Phương,TRUE,1999-09-25 0:00:00,lmphuong@gmail.com,987656297,266333898538,2000000,VL
V0984,Đặng Thị Thanh,Ly,FALSE,1999-08-23 0:00:00,dttly@gmail.com,168515362,302648146254,3000000,VL
V0985,Lâm Mạnh,Vỹ,TRUE,1999-11-02 0:00:00,lmvy@gmail.com,913159178,166745935356,3000000,VL
V0986,Văn Thảo,Dung,FALSE,1999-02-07 0:00:00,vtdung@gmail.com,913917476,147673676545,0,VL
V0987,Trần Mạnh,Thiệu,TRUE,1999-08-26 0:00:00,tmthieu@gmail.com,913149120,558722018236,2000000,VL
V0988,Mã Thị,Hạnh,FALSE,1999-07-09 0:00:00,mthanh@gmail.com,987616486,19423255735,1000000,VL
V0989,Nguyễn Thảo,Đào,FALSE,1999-02-14 0:00:00,ntdao@gmail.com,987558728,816670573891,3000000,VL
V0990,Hoàng Nam,Hiệu,TRUE,1999-10-05 0:00:00,hnhieu@gmail.com,168211953,227251687411,0,VL
V0991,Thái Thị Thảo,Ly,FALSE,1999-09-21 0:00:00,tttly@gmail.com,168331812,637202855659,1000000,VL
V0992,Mã Mạnh,Huy,TRUE,1999-03-25 0:00:00,mmhuy@gmail.com,987322016,136389984697,0,VL
V0993,Hoàng Nam,Thăng,TRUE,1999-08-25 0:00:00,hnthang@gmail.com,987219967,591721173374,3000000,VL
V0994,Đặng Mạnh,Bảo,TRUE,1999-08-30 0:00:00,dmbao@gmail.com,913054239,18934731306,0,VL
V0995,Đàm Văn,Vỹ,TRUE,1999-03-30 0:00:00,dvvy@gmail.com,168924061,492158542835,1000000,VL
V0996,Trần Mạnh,Thăng,TRUE,1999-06-21 0:00:00,tmthang@gmail.com,987250062,768656897616,2000000,VL
V0997,Trần Vĩnh,Thiện,TRUE,1999-07-23 0:00:00,tvthien@gmail.com,987716502,468267857113,3000000,VL
V0998,Khương Thảo,Hạnh,FALSE,1999-08-16 0:00:00,kthanh@gmail.com,913696608,702859343545,0,VL
V0999,Đinh Ngọc,Ngọc,TRUE,1999-05-25 0:00:00,dnngoc@gmail.com,913689521,187831202224,3000000,VL
V1000,Lý Mạnh,Bảo,TRUE,1999-06-03 0:00:00,lmbao@gmail.com,987656186,865173188581,0,VL